<?xml version="1.0"?>
<Talents xmlns:xsi="http://www.w3.org/2001/XMLSchema-instance" xmlns:xsd="http://www.w3.org/2001/XMLSchema">
  <Talent>
    <Key>OVERWHELMAURAIMP</Key>
    <Name>Overwhelming Aura (Improved)</Name>
    <Description>Characters affected by Overwhelming Aura add automatic [FA] to fear checks the character causes and automatic [SU] to fear checks not caused by the character.
</Description>
    <Source>User Data</Source>
    <Custom>AddedItem</Custom>
    <ActivationValue>taPassive</ActivationValue>
    <ChooseCareerSkills>
      <ChooseByType>true</ChooseByType>
      <TypeValue>stGeneral</TypeValue>
      <Type>General</Type>
    </ChooseCareerSkills>
    <ForceTalent>true</ForceTalent>
    <Conflict>1</Conflict>
    <Activation>Passive</Activation>
  </Talent>
  <Talent>
    <Key>BLOODEDIMP</Key>
    <Name>Blooded (Improved)</Name>
    <Description>As an action, make a [B]Hard ([DI][DI][DI]) Resilience check[b] to immediately recover  from the effects of all poisons and side effects of drugs. Reduce the difficulty once per rank of Blooded.
</Description>
    <Source>User Data</Source>
    <Custom>AddedItem</Custom>
    <ActivationValue>taAction</ActivationValue>
    <ChooseCareerSkills>
      <ChooseByType>true</ChooseByType>
      <TypeValue>stGeneral</TypeValue>
      <Type>General</Type>
    </ChooseCareerSkills>
    <Activation>Action</Activation>
  </Talent>
  <Talent>
    <Key>FONTPOWER</Key>
    <Name>Font of Power</Name>
    <Description>Once per game session, may take the Font of Power action. Until the end of the encounter, characters within medium range add automatic [LI] or [DA] to checks based on alignment.</Description>
    <Source>User Data</Source>
    <Custom>AddedItem</Custom>
    <ActivationValue>taAction</ActivationValue>
    <ChooseCareerSkills>
      <ChooseByType>true</ChooseByType>
      <TypeValue>stGeneral</TypeValue>
      <Type>General</Type>
    </ChooseCareerSkills>
    <ForceTalent>true</ForceTalent>
    <Activation>Action</Activation>
  </Talent>
  <Talent>
    <Key>IDENTINGRED</Key>
    <Name>Identify Ingredients</Name>
    <Description>After being exposed to a substance as an out of turn incidental, may roll [FO] no greater than Force rating. Spend [FP][FP] to immediately identify its composition and effects.</Description>
    <Source>User Data</Source>
    <Custom>AddedItem</Custom>
    <ActivationValue>taIncidentalOOT</ActivationValue>
    <ChooseCareerSkills>
      <ChooseByType>true</ChooseByType>
      <TypeValue>stGeneral</TypeValue>
      <Type>General</Type>
    </ChooseCareerSkills>
    <ForceTalent>true</ForceTalent>
    <Activation>OOT Incidental</Activation>
  </Talent>
  <Talent>
    <Key>IMPCONCOT</Key>
    <Name>Improvised Concoction</Name>
    <Description>Once per session, as an action, make a [B]Hard ([DI][DI][DI]) Knowledge (Xenology) check,[b] adding [FO] no greater than Force rating to create 1 dose of a poison or drug with a rarity of Intellect + [SU] + [FP] spent or lower.</Description>
    <Source>User Data</Source>
    <Custom>AddedItem</Custom>
    <ActivationValue>taAction</ActivationValue>
    <ChooseCareerSkills>
      <ChooseByType>true</ChooseByType>
      <TypeValue>stGeneral</TypeValue>
      <Type>General</Type>
    </ChooseCareerSkills>
    <ForceTalent>true</ForceTalent>
    <Activation>Action</Activation>
  </Talent>
  <Talent>
    <Key>OVERWHELMAURA</Key>
    <Name>Overwhelming Aura</Name>
    <Description>Commit [FO]. Add [AD] to social checks equal to [FO] committed. Add [TH] equal to [FO] committed to enemy social checks in short range.
</Description>
    <Source>User Data</Source>
    <Custom>AddedItem</Custom>
    <Ranked>true</Ranked>
    <ActivationValue>taManeuver</ActivationValue>
    <ChooseCareerSkills>
      <ChooseByType>true</ChooseByType>
      <TypeValue>stGeneral</TypeValue>
      <Type>General</Type>
    </ChooseCareerSkills>
    <ForceTalent>true</ForceTalent>
    <Activation>Maneuver</Activation>
  </Talent>
  <Talent>
    <Key>POWERDARKNESS</Key>
    <Name>Power of Darkness</Name>
    <Description>Once per session, may perform the Power of Darkness maneuver. Increase wound threshold by 1 per Dark Side destiny point currently in the Destiny pool until the end of the encounter.
</Description>
    <Source>User Data</Source>
    <Custom>AddedItem</Custom>
    <ActivationValue>taManeuver</ActivationValue>
    <ChooseCareerSkills>
      <ChooseByType>true</ChooseByType>
      <TypeValue>stGeneral</TypeValue>
      <Type>General</Type>
    </ChooseCareerSkills>
    <ForceTalent>true</ForceTalent>
    <Conflict>1</Conflict>
    <Activation>Maneuver</Activation>
  </Talent>
  <Talent>
    <Key>ALCH</Key>
    <Name>Alchemical Arts</Name>
    <Description>After making a check to craft a potion or talisman, may suffer strain up to twice ranks in Alchemical Arts. For every two strain, add [LI] or [DA] to the results.</Description>
    <Source>User Data</Source>
    <Custom>AddedItem</Custom>
    <Ranked>true</Ranked>
    <ActivationValue>taIncidental</ActivationValue>
    <ChooseCareerSkills>
      <ChooseByType>true</ChooseByType>
      <TypeValue>stGeneral</TypeValue>
      <Type>General</Type>
    </ChooseCareerSkills>
    <ForceTalent>true</ForceTalent>
    <Activation>Incidental</Activation>
  </Talent>
  <Talent>
    <Key>CHANAGONY</Key>
    <Name>Channel Agony</Name>
    <Description>After rolling [FO], may suffer wounds up to twice ranks in Channel Agony to add automatic [DA] for every two wounds suffered to the results.
</Description>
    <Source>User Data</Source>
    <Custom>AddedItem</Custom>
    <Ranked>true</Ranked>
    <ActivationValue>taIncidental</ActivationValue>
    <ChooseCareerSkills>
      <ChooseByType>true</ChooseByType>
      <TypeValue>stGeneral</TypeValue>
      <Type>General</Type>
    </ChooseCareerSkills>
    <ForceTalent>true</ForceTalent>
    <Conflict>1</Conflict>
    <Activation>Incidental</Activation>
  </Talent>
  <Talent>
    <Key>SECRETLORE</Key>
    <Name>Secret Lore</Name>
    <Description>Remove [SE] per rank of Secret Lore from all Knowledge (Lore) checks. Reduce the difficulty of all Knowledge (Lore) checks by 1.
</Description>
    <Source>User Data</Source>
    <Custom>AddedItem</Custom>
    <Ranked>true</Ranked>
    <ActivationValue>taPassive</ActivationValue>
    <ChooseCareerSkills>
      <ChooseByType>true</ChooseByType>
      <TypeValue>stGeneral</TypeValue>
      <Type>General</Type>
    </ChooseCareerSkills>
    <DieModifiers>
      <DieModifier>
        <SkillKey>LORE</SkillKey>
        <SetbackCount>1</SetbackCount>
      </DieModifier>
    </DieModifiers>
    <Activation>Passive</Activation>
  </Talent>
  <Talent>
    <Key>TRANSMOGRIFY</Key>
    <Name>Transmogrify</Name>
    <Description>When making a Crafting check, may add [FO] no greater than Force rating. Spend [FP] to add [SU] and spend [FP][FP] to add [AD] to check.
</Description>
    <Source>User Data</Source>
    <Custom>AddedItem</Custom>
    <ActivationValue>taIncidental</ActivationValue>
    <ChooseCareerSkills>
      <ChooseByType>true</ChooseByType>
      <TypeValue>stGeneral</TypeValue>
      <Type>General</Type>
    </ChooseCareerSkills>
    <ForceTalent>true</ForceTalent>
    <Activation>Incidental</Activation>
  </Talent>
  <Talent>
    <Key>DISCIPLELORE</Key>
    <Name>Disciple of Lore</Name>
    <Description>Once per round, suffer 1 strain to reduce the difficulty of the next Knowledge (Lore) check a number of times equal to ranks in Disciple of Lore.</Description>
    <Source>User Data</Source>
    <Custom>AddedItem</Custom>
    <Ranked>true</Ranked>
    <ActivationValue>taIncidental</ActivationValue>
    <ChooseCareerSkills>
      <ChooseByType>true</ChooseByType>
      <TypeValue>stGeneral</TypeValue>
      <Type>General</Type>
    </ChooseCareerSkills>
    <Activation>Incidental</Activation>
  </Talent>
  <Talent>
    <Key>PUSHASIDE</Key>
    <Name>Push Aside</Name>
    <Description>After making a successful Brawl, Melee, or Lightsaber combat check against an engaged foe, may force the foe to move to short range in a direction of the opponent's choosing. Spend [TR] to cause the opponent to fall prone  after moving.</Description>
    <Source>User Data</Source>
    <Custom>AddedItem</Custom>
    <ActivationValue>taIncidentalOOT</ActivationValue>
    <ChooseCareerSkills>
      <ChooseByType>true</ChooseByType>
      <TypeValue>stGeneral</TypeValue>
      <Type>General</Type>
    </ChooseCareerSkills>
    <Activation>OOT Incidental</Activation>
  </Talent>
  <Talent>
    <Key>ASFORCEWILLS</Key>
    <Name>As the Force Wills It</Name>
    <Description>Make an [B]Easy ([DI]) Knowledge Lore check[b] to heal strain at the end of the encounter. [TR] can be spent to heal all strain.
</Description>
    <Source>User Data</Source>
    <Custom>AddedItem</Custom>
    <ActivationValue>taPassive</ActivationValue>
    <ChooseCareerSkills>
      <ChooseByType>true</ChooseByType>
      <TypeValue>stGeneral</TypeValue>
      <Type>General</Type>
    </ChooseCareerSkills>
    <Activation>Passive</Activation>
  </Talent>
  <Talent>
    <Key>EXTENDEDREACH</Key>
    <Name>Extended Reach</Name>
    <Description>While armed with a two-handed melee weapon, may suffer one strain to make a melee combat check with that weapon targeting an enemy at up to short range (rather than engaged range).</Description>
    <Source>User Data</Source>
    <Custom>AddedItem</Custom>
    <ActivationValue>taIncidental</ActivationValue>
    <ChooseCareerSkills>
      <ChooseByType>true</ChooseByType>
      <TypeValue>stGeneral</TypeValue>
      <Type>General</Type>
    </ChooseCareerSkills>
    <Activation>Incidental</Activation>
  </Talent>
  <Talent>
    <Key>DISCIPLINEDSOUL</Key>
    <Name>Disciplined Soul</Name>
    <Description>Spend one Destiny Point after making a Discipline Check to spend a number of [TH] not exceeding ranks in Knowledge (Lore) as [AD],</Description>
    <Source>User Data</Source>
    <Custom>AddedItem</Custom>
    <ActivationValue>taIncidental</ActivationValue>
    <ChooseCareerSkills>
      <ChooseByType>true</ChooseByType>
      <TypeValue>stGeneral</TypeValue>
      <Type>General</Type>
    </ChooseCareerSkills>
    <Activation>Incidental</Activation>
  </Talent>
  <Talent>
    <Key>KNOWENEMY</Key>
    <Name>Know the Enemy</Name>
    <Description>The character may use Knowledge (Warfare) skill when making checks to determine initiative.</Description>
    <Source>User Data</Source>
    <Custom>AddedItem</Custom>
    <ActivationValue>taPassive</ActivationValue>
    <ChooseCareerSkills>
      <ChooseByType>true</ChooseByType>
      <TypeValue>stGeneral</TypeValue>
      <Type>General</Type>
    </ChooseCareerSkills>
    <Activation>Passive</Activation>
  </Talent>
  <Talent>
    <Key>BYTHEBOOK</Key>
    <Name>By the Book</Name>
    <Description>Once per encounter, before making a combat check, the character may suffer two strain  to add [AD] to the results equall to his ranks in By the Book.</Description>
    <Source>User Data</Source>
    <Custom>AddedItem</Custom>
    <Ranked>true</Ranked>
    <ActivationValue>taIncidental</ActivationValue>
    <ChooseCareerSkills>
      <ChooseByType>true</ChooseByType>
      <TypeValue>stGeneral</TypeValue>
      <Type>General</Type>
    </ChooseCareerSkills>
    <Activation>Incidental</Activation>
  </Talent>
  <Talent>
    <Key>FORMTACTICS</Key>
    <Name>Formation Tactics</Name>
    <Description>May take the Formation Tactics action by making a [B]Hard ([DI][DI][DI]) Leadership check[b]. If successful, he may choose a number of allies within short range equal to [SU] generated. Upgrade the difficulty of attacks against these allies once until the end of his next turn.</Description>
    <Source>User Data</Source>
    <Custom>AddedItem</Custom>
    <ActivationValue>taAction</ActivationValue>
    <ChooseCareerSkills>
      <ChooseByType>true</ChooseByType>
      <TypeValue>stGeneral</TypeValue>
      <Type>General</Type>
    </ChooseCareerSkills>
    <Activation>Action</Activation>
  </Talent>
  <Talent>
    <Key>FORMTACTIMP</Key>
    <Name>Formation Tactics (Improved)</Name>
    <Description>The difficulty of Formation Tactics is reduced to [B]Average ([DI][DI])[b]. May spend [TR] or [AD][AD][AD][AD][AD][AD] to have effect last until the end of encounter.</Description>
    <Source>User Data</Source>
    <Custom>AddedItem</Custom>
    <ActivationValue>taManeuver</ActivationValue>
    <ChooseCareerSkills>
      <ChooseByType>true</ChooseByType>
      <TypeValue>stGeneral</TypeValue>
      <Type>General</Type>
    </ChooseCareerSkills>
    <Activation>Maneuver</Activation>
  </Talent>
  <Talent>
    <Key>TARGETFIREPOWER</Key>
    <Name>Targeted Firepower</Name>
    <Description>Once per session may take Targeted Firepower action; identify one enemy target and make a [B]Hard ([DI][DI][DI]) Knowledge Warfare check[b]. If successful, for the rest of the encounter allies within short range of character add [AD] to attacks against target equal to [SU] gained in the check.</Description>
    <Source>User Data</Source>
    <Custom>AddedItem</Custom>
    <ActivationValue>taAction</ActivationValue>
    <ChooseCareerSkills>
      <ChooseByType>true</ChooseByType>
      <TypeValue>stGeneral</TypeValue>
      <Type>General</Type>
    </ChooseCareerSkills>
    <Activation>Action</Activation>
  </Talent>
  <Talent>
    <Key>DISORIENTSTRIKE</Key>
    <Name>Disorienting Stirke</Name>
    <Description>After failing a Lightsaber combat check, may spend [AD][AD] or [TR] to disorient opponent for three rounds.
</Description>
    <Source>User Data</Source>
    <Custom>AddedItem</Custom>
    <ActivationValue>taPassive</ActivationValue>
    <ChooseCareerSkills>
      <ChooseByType>true</ChooseByType>
      <TypeValue>stGeneral</TypeValue>
      <Type>General</Type>
    </ChooseCareerSkills>
    <Activation>Passive</Activation>
  </Talent>
  <Talent>
    <Key>TEMPLETRAIN</Key>
    <Name>Temple Training</Name>
    <Description>Before making a Lightsaber skill check, the character may spend on Destiny Point to add damage to the attack equal to his ranks in Knowledge (Lore).</Description>
    <Source>User Data</Source>
    <Custom>AddedItem</Custom>
    <ActivationValue>taIncidental</ActivationValue>
    <ChooseCareerSkills>
      <ChooseByType>true</ChooseByType>
      <TypeValue>stGeneral</TypeValue>
      <Type>General</Type>
    </ChooseCareerSkills>
    <ForceTalent>true</ForceTalent>
    <Activation>Incidental</Activation>
  </Talent>
  <Talent>
    <Key>TRUSTNOONE</Key>
    <Name>Trust No One</Name>
    <Description>When targeted by a social check, may chose to suffer one strain to add automatic [FA] to the check. If the check fails with [DE], the character may immediately perform a maneuver as an out of turn incidental.
</Description>
    <Source>User Data</Source>
    <Custom>AddedItem</Custom>
    <ActivationValue>taIncidentalOOT</ActivationValue>
    <ChooseCareerSkills>
      <ChooseByType>true</ChooseByType>
      <TypeValue>stGeneral</TypeValue>
      <Type>General</Type>
    </ChooseCareerSkills>
    <Activation>OOT Incidental</Activation>
  </Talent>
  <Talent>
    <Key>KNOWROPES</Key>
    <Name>Know the Ropes</Name>
    <Description>Add [BO] to the checks made to escape from restraints equal to ranks in Knowledge (Underworld). Spend [TR] to free all other allies within short range.</Description>
    <Source>User Data</Source>
    <Custom>AddedItem</Custom>
    <ActivationValue>taPassive</ActivationValue>
    <ChooseCareerSkills>
      <ChooseByType>true</ChooseByType>
      <TypeValue>stGeneral</TypeValue>
      <Type>General</Type>
    </ChooseCareerSkills>
    <Activation>Passive</Activation>
  </Talent>
  <Talent>
    <Key>FEARSOMEREP</Key>
    <Name>Fearsome Rep</Name>
    <Description>Add automatic [AD] to the results of Coercion checks equal to ranks in Fearsome Rep.
</Description>
    <Source>User Data</Source>
    <Custom>AddedItem</Custom>
    <Ranked>true</Ranked>
    <ActivationValue>taPassive</ActivationValue>
    <ChooseCareerSkills>
      <ChooseByType>true</ChooseByType>
      <TypeValue>stGeneral</TypeValue>
      <Type>General</Type>
    </ChooseCareerSkills>
    <DieModifiers>
      <DieModifier>
        <SkillKey>COERC</SkillKey>
        <AdvantageCount>1</AdvantageCount>
      </DieModifier>
    </DieModifiers>
    <Activation>Passive</Activation>
  </Talent>
  <Talent>
    <Key>DOUBLETALK</Key>
    <Name>Double-Talk</Name>
    <Description>The character may spend [AD][AD] or [TR] from a successful Charm or Deception check to disorient a number of opponents within short range equal to his Presence for remainder of round and next two rounds.</Description>
    <Source>User Data</Source>
    <Custom>AddedItem</Custom>
    <ActivationValue>taPassive</ActivationValue>
    <ChooseCareerSkills>
      <ChooseByType>true</ChooseByType>
      <TypeValue>stGeneral</TypeValue>
      <Type>General</Type>
    </ChooseCareerSkills>
    <Activation>Passive</Activation>
  </Talent>
  <Talent>
    <Key>PREPAREBOARDED</Key>
    <Name>Prepare to be Boarded!</Name>
    <Description>Once per encounter may take Prepare to be Boarded! action and make [B]opposed Coercion vs. Discipline check[b] against enemy ship captain. If successful, the enemy suffers 1 strain per uncanceled [SU] and surrenders ship if he exceeds strain threshold. May also spend [TR] or [AD][AD][AD][AD] to inflict strain equal to ranks in Coercion.
</Description>
    <Source>User Data</Source>
    <Custom>AddedItem</Custom>
    <ActivationValue>taAction</ActivationValue>
    <ChooseCareerSkills>
      <ChooseByType>true</ChooseByType>
      <TypeValue>stGeneral</TypeValue>
      <Type>General</Type>
    </ChooseCareerSkills>
    <Activation>Action</Activation>
  </Talent>
  <Talent>
    <Key>ALTEREDDEAL</Key>
    <Name>Altered Deal</Name>
    <Description>Once per session amy take the Altered Deal action and make [B]Hard ([DI][DI][DI]) check[b] to radically change a previously made deal or bargain to the character's advantage.</Description>
    <Source>User Data</Source>
    <Custom>AddedItem</Custom>
    <ActivationValue>taAction</ActivationValue>
    <ChooseCareerSkills>
      <ChooseByType>true</ChooseByType>
      <TypeValue>stGeneral</TypeValue>
      <Type>General</Type>
    </ChooseCareerSkills>
    <Activation>Action</Activation>
  </Talent>
  <Talent>
    <Key>STEADYAIM</Key>
    <Name>Steady Aim</Name>
    <Description>The character does not lose the benefits of Aim maneuver if hs performs other maneuvers (including moving) or actions. He does lose the benefits of the Aim maneuver if the encounter ends.
</Description>
    <Source>User Data</Source>
    <Custom>AddedItem</Custom>
    <ActivationValue>taPassive</ActivationValue>
    <ChooseCareerSkills>
      <ChooseByType>true</ChooseByType>
      <TypeValue>stGeneral</TypeValue>
      <Type>General</Type>
    </ChooseCareerSkills>
    <Activation>Passive</Activation>
  </Talent>
  <Talent>
    <Key>COMBATVETERAN</Key>
    <Name>Combat Veteran</Name>
    <Description>The character adds [BO] to his Brawl and Discipline checks equal to his ranks in Combat Veteran.</Description>
    <Source>User Data</Source>
    <Custom>AddedItem</Custom>
    <Ranked>true</Ranked>
    <ActivationValue>taPassive</ActivationValue>
    <ChooseCareerSkills>
      <ChooseByType>true</ChooseByType>
      <TypeValue>stGeneral</TypeValue>
      <Type>General</Type>
    </ChooseCareerSkills>
    <DieModifiers>
      <DieModifier>
        <SkillKey>BRAWL</SkillKey>
        <BoostCount>1</BoostCount>
      </DieModifier>
      <DieModifier>
        <SkillKey>DISC</SkillKey>
        <BoostCount>1</BoostCount>
      </DieModifier>
    </DieModifiers>
    <Activation>Passive</Activation>
  </Talent>
  <Talent>
    <Key>PERSISTENTTARGET</Key>
    <Name>Persistent Targeting</Name>
    <Description>After making one or more successful combat checks against a target, add [BO] to combat checks against that same target for the remainder of the encounter.</Description>
    <Source>User Data</Source>
    <Custom>AddedItem</Custom>
    <ActivationValue>taPassive</ActivationValue>
    <ChooseCareerSkills>
      <ChooseByType>true</ChooseByType>
      <TypeValue>stGeneral</TypeValue>
      <Type>General</Type>
    </ChooseCareerSkills>
    <Activation>Passive</Activation>
  </Talent>
  <Talent>
    <Key>COMRADESARMS</Key>
    <Name>Comrades in Arms</Name>
    <Description>Once per encounter, take Comrade in Arms action and make a [B]Hard ([DI][DI][DI]) Discipline check[b]. If successful, the characgter plus one ally per [SU] within medium range gains +1 defense for the remainder of the encounter.</Description>
    <Source>User Data</Source>
    <Custom>AddedItem</Custom>
    <ActivationValue>taAction</ActivationValue>
    <ChooseCareerSkills>
      <ChooseByType>true</ChooseByType>
      <TypeValue>stGeneral</TypeValue>
      <Type>General</Type>
    </ChooseCareerSkills>
    <Activation>Action</Activation>
  </Talent>
  <Talent>
    <Key>COMRADESARMSIMP</Key>
    <Name>Comrades in Arms (Improved)</Name>
    <Description>Enter description for Talent "Comrades in Arms (Improved)" here.
</Description>
    <Source>User Data</Source>
    <Custom>AddedItem</Custom>
    <ActivationValue>taPassive</ActivationValue>
    <ChooseCareerSkills>
      <ChooseByType>true</ChooseByType>
      <TypeValue>stGeneral</TypeValue>
      <Type>General</Type>
    </ChooseCareerSkills>
    <Activation>Passive</Activation>
  </Talent>
  <Talent>
    <Key>PRIDEJOY</Key>
    <Name>Pride and Joy</Name>
    <Description>Choose one starship or vehicle character owns with a silhouette of 4 or higher; it becomes his "Pride and Joy" vessel. He upgrades the ability of all social skill checks he makes while short range of the vessel once.</Description>
    <Source>User Data</Source>
    <Custom>AddedItem</Custom>
    <ActivationValue>taPassive</ActivationValue>
    <ChooseCareerSkills>
      <ChooseByType>true</ChooseByType>
      <TypeValue>stGeneral</TypeValue>
      <Type>General</Type>
    </ChooseCareerSkills>
    <Activation>Passive</Activation>
  </Talent>
  <Talent>
    <Key>TRUSTCAPTAIN</Key>
    <Name>Trust the Captain</Name>
    <Description>May take the Trust the Captain action by making a [B]Hard ([DI][DI][DI]) Leadership check[b]. If successful, for the rest of the encounter allies within short range increase their ranks in Discipline by an amount equal to ranks in Trust the Captain.</Description>
    <Source>User Data</Source>
    <Custom>AddedItem</Custom>
    <Ranked>true</Ranked>
    <ActivationValue>taIncidentalOOT</ActivationValue>
    <ChooseCareerSkills>
      <ChooseByType>true</ChooseByType>
      <TypeValue>stGeneral</TypeValue>
      <Type>General</Type>
    </ChooseCareerSkills>
    <Activation>OOT Incidental</Activation>
  </Talent>
  <Talent>
    <Key>MOSTIMPRESSIVE</Key>
    <Name>Most Impressive</Name>
    <Description>Spend [TR] from any skill check to allow a number of allies not exceeding the character's rating in Presence within short range to add automatic [AD] to their next check.</Description>
    <Source>User Data</Source>
    <Custom>AddedItem</Custom>
    <ActivationValue>taIncidental</ActivationValue>
    <ChooseCareerSkills>
      <ChooseByType>true</ChooseByType>
      <TypeValue>stGeneral</TypeValue>
      <Type>General</Type>
    </ChooseCareerSkills>
    <Activation>Incidental</Activation>
  </Talent>
  <Talent>
    <Key>INSPIRINGLEADER</Key>
    <Name>Inspiring Leadership</Name>
    <Description>Take the Inspiring Leadership action by making an [B]Average ([DI][DI]) Leadership check[b]. If successful, a number of allies not exceeding his rating in Presence within short range add automatic [SU] to their next skill check.</Description>
    <Source>User Data</Source>
    <Custom>AddedItem</Custom>
    <ActivationValue>taAction</ActivationValue>
    <ChooseCareerSkills>
      <ChooseByType>true</ChooseByType>
      <TypeValue>stGeneral</TypeValue>
      <Type>General</Type>
    </ChooseCareerSkills>
    <Activation>Action</Activation>
  </Talent>
  <Talent>
    <Key>SECRETSJEDI</Key>
    <Name>Secrets of the Jedi</Name>
    <Description>Lightsaber becomes a career skill. He may also decrease the difficulty of checks to made to construct or repair lightsaber hilts a number of times equal to half his ranks in Knowledge (Lore) (rounded up), to a minimum of [B]Easy ([DI])[b].
</Description>
    <Source>User Data</Source>
    <Custom>AddedItem</Custom>
    <ActivationValue>taPassive</ActivationValue>
    <ChooseCareerSkills>
      <NewSkills>
        <Key>LTSABER</Key>
      </NewSkills>
      <ChooseByType>true</ChooseByType>
      <TypeValue>stGeneral</TypeValue>
      <Type>General</Type>
    </ChooseCareerSkills>
    <Activation>Passive</Activation>
  </Talent>
  <Talent>
    <Key>PRIDEJOYSUPREME</Key>
    <Name>Pride and Joy (Supreme)</Name>
    <Description>While inside his Pride and Joy Vessel, once per session as an incidental, the character may reduce its silhouette by 2 (to a minimum of 0) for the remainder of the round and the following round.</Description>
    <Source>User Data</Source>
    <Custom>AddedItem</Custom>
    <ActivationValue>taIncidental</ActivationValue>
    <ChooseCareerSkills>
      <ChooseByType>true</ChooseByType>
      <TypeValue>stGeneral</TypeValue>
      <Type>General</Type>
    </ChooseCareerSkills>
    <Activation>Incidental</Activation>
  </Talent>
  <Talent>
    <Key>SEENLOTTHINGS</Key>
    <Name>Seen a Lot of Things</Name>
    <Description>Whenever the character fails a Knowledge check, he may spend [AD][AD][AD] to roll the check again during his next turn.</Description>
    <Source>User Data</Source>
    <Custom>AddedItem</Custom>
    <ActivationValue>taPassive</ActivationValue>
    <ChooseCareerSkills>
      <ChooseByType>true</ChooseByType>
      <TypeValue>stGeneral</TypeValue>
      <Type>General</Type>
    </ChooseCareerSkills>
    <Activation>Passive</Activation>
  </Talent>
  <Talent>
    <Key>PRIDEJOYIMP</Key>
    <Name>Pride and Joy (Improved)</Name>
    <Description>While inside his Pride and Joy vessel, recover 1 additional strain whenever recovering strain and spend [AD] on checks made to recover strain to allow an ally also within the vessel to recover one strain.</Description>
    <Source>User Data</Source>
    <Custom>AddedItem</Custom>
    <ActivationValue>taPassive</ActivationValue>
    <ChooseCareerSkills>
      <ChooseByType>true</ChooseByType>
      <TypeValue>stGeneral</TypeValue>
      <Type>General</Type>
    </ChooseCareerSkills>
    <Activation>Passive</Activation>
  </Talent>
  <Talent>
    <Key>HEADBUTT</Key>
    <Name>Headbutt</Name>
    <Description>Perform Headbutt incidental, suffering 2 wounds to knock down and disorient the enemy.
</Description>
    <Source>User Data</Source>
    <Custom>AddedItem</Custom>
    <ActivationValue>taIncidental</ActivationValue>
    <ChooseCareerSkills>
      <ChooseByType>true</ChooseByType>
      <TypeValue>stGeneral</TypeValue>
      <Type>General</Type>
    </ChooseCareerSkills>
    <Activation>Incidental</Activation>
  </Talent>
  <Talent>
    <Key>INDOMWILL</Key>
    <Name>Indomitable Will</Name>
    <Description>Once per encounter as a maneuver, suffer 3 strain to commit [FO] up to Force rating and reduce all damage by an equal amount, but suffer 1 strain each turn.</Description>
    <Source>User Data</Source>
    <Custom>AddedItem</Custom>
    <ActivationValue>taManeuver</ActivationValue>
    <ChooseCareerSkills>
      <ChooseByType>true</ChooseByType>
      <TypeValue>stGeneral</TypeValue>
      <Type>General</Type>
    </ChooseCareerSkills>
    <ForceTalent>true</ForceTalent>
    <Activation>Maneuver</Activation>
  </Talent>
  <Talent>
    <Key>TOUGHENEDIMP</Key>
    <Name>Toughened (Improved)</Name>
    <Description>Once per session, may heal wounds equal to ranks in Toughened.</Description>
    <Source>User Data</Source>
    <Custom>AddedItem</Custom>
    <ActivationValue>taIncidental</ActivationValue>
    <ChooseCareerSkills>
      <ChooseByType>true</ChooseByType>
      <TypeValue>stGeneral</TypeValue>
      <Type>General</Type>
    </ChooseCareerSkills>
    <Activation>Incidental</Activation>
  </Talent>
  <Talent>
    <Key>POWERFROMPAIN</Key>
    <Name>Power from Pain</Name>
    <Description>Once per session as an incidental, may spend 1 Destiny Point to gain +1 Force Rating for each Critical Injury character is suffering until the end of the encounter.</Description>
    <Source>User Data</Source>
    <Custom>AddedItem</Custom>
    <ActivationValue>taIncidental</ActivationValue>
    <ChooseCareerSkills>
      <ChooseByType>true</ChooseByType>
      <TypeValue>stGeneral</TypeValue>
      <Type>General</Type>
    </ChooseCareerSkills>
    <ForceTalent>true</ForceTalent>
    <Conflict>1</Conflict>
    <Activation>Incidental</Activation>
  </Talent>
  <Talent>
    <Key>EMBRACEHATE</Key>
    <Name>Embrace Your Hate</Name>
    <Description>May spend 1 Destiny Point and then suffer Conflict equal to dark side Destiny Points in the pool to add equal damage to melee attack. May use this ability once per encounter per rank.</Description>
    <Source>User Data</Source>
    <Custom>AddedItem</Custom>
    <Ranked>true</Ranked>
    <ActivationValue>taIncidental</ActivationValue>
    <ChooseCareerSkills>
      <ChooseByType>true</ChooseByType>
      <TypeValue>stGeneral</TypeValue>
      <Type>General</Type>
    </ChooseCareerSkills>
    <ForceTalent>true</ForceTalent>
    <Conflict>1</Conflict>
    <Activation>Incidental</Activation>
  </Talent>
  <Talent>
    <Key>VAAPADCONTROL</Key>
    <Name>Vaapad Control</Name>
    <Description>When making a Lightsaber combat check, the character may suffer 1 strain to downgrade the difficulty of of the check a number of times equal to the number of light side Destiny Points in the Destiny pool.</Description>
    <Source>User Data</Source>
    <Custom>AddedItem</Custom>
    <ActivationValue>taIncidental</ActivationValue>
    <ChooseCareerSkills>
      <ChooseByType>true</ChooseByType>
      <TypeValue>stGeneral</TypeValue>
      <Type>General</Type>
    </ChooseCareerSkills>
    <Activation>Incidental</Activation>
  </Talent>
  <Talent>
    <Key>JUYOSAVAGE</Key>
    <Name>Juyo Savagery</Name>
    <Description>The character adds +5 to Critical Injury rolls from Lightsaber attacks for each dark side Destiny Point in the Destiny pool.</Description>
    <Source>User Data</Source>
    <Custom>AddedItem</Custom>
    <ActivationValue>taPassive</ActivationValue>
    <ChooseCareerSkills>
      <ChooseByType>true</ChooseByType>
      <TypeValue>stGeneral</TypeValue>
      <Type>General</Type>
    </ChooseCareerSkills>
    <ForceTalent>true</ForceTalent>
    <Conflict>1</Conflict>
    <Activation>Passive</Activation>
  </Talent>
  <Talent>
    <Key>DODGEIMP</Key>
    <Name>Dodge (Improved)</Name>
    <Description>After using Dodge, can make a Move maneuver as an out-of-turn incidental.</Description>
    <Source>User Data</Source>
    <Custom>AddedItem</Custom>
    <ActivationValue>taManeuver</ActivationValue>
    <ChooseCareerSkills>
      <ChooseByType>true</ChooseByType>
      <TypeValue>stGeneral</TypeValue>
      <Type>General</Type>
    </ChooseCareerSkills>
    <Activation>Maneuver</Activation>
  </Talent>
  <Talent>
    <Key>ACKLAYSSCYTHSTRIKE</Key>
    <Name>Acklay's Scything Strike</Name>
    <Description>Brawl attacks gain Pierce equal to Force Rating.</Description>
    <Source>User Data</Source>
    <Custom>AddedItem</Custom>
    <ActivationValue>taPassive</ActivationValue>
    <ChooseCareerSkills>
      <ChooseByType>true</ChooseByType>
      <TypeValue>stGeneral</TypeValue>
      <Type>General</Type>
    </ChooseCareerSkills>
    <ForceTalent>true</ForceTalent>
    <Activation>Passive</Activation>
  </Talent>
  <Talent>
    <Key>USERTALENT1</Key>
    <Name>Sapith Sundering</Name>
    <Description>May add [FO] up to Force Rating to Brawl checks; the attack gains the Sunder quality, and character may quality, and character may spend [FP] generated on the check as [AD] to activate the Sunder quality.</Description>
    <Source>User Data</Source>
    <Custom>AddedItem</Custom>
    <ActivationValue>taPassive</ActivationValue>
    <ChooseCareerSkills>
      <ChooseByType>true</ChooseByType>
      <TypeValue>stGeneral</TypeValue>
      <Type>General</Type>
    </ChooseCareerSkills>
    <ForceTalent>true</ForceTalent>
    <Activation>Passive</Activation>
  </Talent>
  <Talent>
    <Key>INNERPEACE</Key>
    <Name>Inner Peace</Name>
    <Description>Once per encounter, convert a number of Destiny Points equal to ranks in Inner Peace to light side Destiny Points and reduce Conflict gained this session.</Description>
    <Source>User Data</Source>
    <Custom>AddedItem</Custom>
    <Ranked>true</Ranked>
    <ActivationValue>taIncidental</ActivationValue>
    <ChooseCareerSkills>
      <ChooseByType>true</ChooseByType>
      <TypeValue>stGeneral</TypeValue>
      <Type>General</Type>
    </ChooseCareerSkills>
    <Activation>Incidental</Activation>
  </Talent>
  <Talent>
    <Key>IMPROVPOSITIONS</Key>
    <Name>Improvised Position</Name>
    <Description>The character may make a [B]Hard ([DI][DI][DI]) Mechanics check[b] to construct a secure position. This provides cover for the group and its vehicles.
</Description>
    <Custom>AddedItem</Custom>
    <ActivationValue>taAction</ActivationValue>
    <ChooseCareerSkills>
      <ChooseByType>true</ChooseByType>
      <TypeValue>stGeneral</TypeValue>
      <Type>General</Type>
    </ChooseCareerSkills>
    <Activation>Action</Activation>
  </Talent>
  <Talent>
    <Key>PUSHSPECS</Key>
    <Name>Push the Specs</Name>
    <Description>Perform the Push the Specs action when making an [B]Average ([DI][DI]) Knowledge (Education) check[b]. With success, the ship's top speed increases by 1 for a number of rounds equal to the character's Intellect.</Description>
    <Custom>AddedItem</Custom>
    <ActivationValue>taAction</ActivationValue>
    <ChooseCareerSkills>
      <ChooseByType>true</ChooseByType>
      <TypeValue>stGeneral</TypeValue>
      <Type>General</Type>
    </ChooseCareerSkills>
    <Activation>Action</Activation>
  </Talent>
  <Talent>
    <Key>SMARTHANDLE</Key>
    <Name>Smart Handling</Name>
    <Description>Once per session, take the Smart Handling action; making a [B]Hard ([DI][DI][DI]) Knowledge (Education) check[b]. Until start of the next round the ship's handling increases by 2 plus an amount equal to [AD] scored on the check to a maximum handling of +4.</Description>
    <Custom>AddedItem</Custom>
    <ActivationValue>taAction</ActivationValue>
    <ChooseCareerSkills>
      <ChooseByType>true</ChooseByType>
      <TypeValue>stGeneral</TypeValue>
      <Type>General</Type>
    </ChooseCareerSkills>
    <Activation>Action</Activation>
  </Talent>
  <Talent>
    <Key>MASTERDEMOLITION</Key>
    <Name>Master Demolitionist</Name>
    <Description>When resolving an attack from a personal explosive or ordance weapon, may spend [AD] or [TR] to have the weapon's Blast quality act at short range, or medium if it already act at short.</Description>
    <Custom>AddedItem</Custom>
    <ActivationValue>taIncidental</ActivationValue>
    <ChooseCareerSkills>
      <ChooseByType>true</ChooseByType>
      <TypeValue>stGeneral</TypeValue>
      <Type>General</Type>
    </ChooseCareerSkills>
    <Activation>Incidental</Activation>
  </Talent>
  <Talent>
    <Key>WEAKFOUND</Key>
    <Name>Weak Foundation</Name>
    <Description>Once per session may take the Weak Foundation action; make a [B]Hard ([DI][DI][DI]) Knowledge (Warfare) check[b]. If successful, for the remainder of the encounter the character and all allies add automatic [AD][AD] or [SU] to all combat checks made targeting the identified fixed structure.
</Description>
    <Custom>AddedItem</Custom>
    <ActivationValue>taAction</ActivationValue>
    <ChooseCareerSkills>
      <ChooseByType>true</ChooseByType>
      <TypeValue>stGeneral</TypeValue>
      <Type>General</Type>
    </ChooseCareerSkills>
    <Activation>Action</Activation>
  </Talent>
  <Talent>
    <Key>FARSTRIKE</Key>
    <Name>Far Strike</Name>
    <Description>As an action, make a Brawl check as a ranged attack, adding [FO] up to Force rating. Increase the range of the attack by one band for each [FP] spent, to a maximum of long.</Description>
    <Source>User Data</Source>
    <Custom>AddedItem</Custom>
    <ActivationValue>taAction</ActivationValue>
    <ChooseCareerSkills>
      <ChooseByType>true</ChooseByType>
      <TypeValue>stGeneral</TypeValue>
      <Type>General</Type>
    </ChooseCareerSkills>
    <Activation>Action</Activation>
  </Talent>
  <Talent>
    <Key>SECRETSJEDIIMP</Key>
    <Name>Secrets of the Jedi (Improved)</Name>
    <Description>Discipline becomes a career skill. Secrets of the jedi may also be used when installing mods on lightsabers.
</Description>
    <Source>User Data</Source>
    <Custom>AddedItem</Custom>
    <ActivationValue>taPassive</ActivationValue>
    <ChooseCareerSkills>
      <NewSkills>
        <Key>DISC</Key>
      </NewSkills>
      <Type />
    </ChooseCareerSkills>
    <Activation>Passive</Activation>
  </Talent>
  <Talent>
    <Key>PILOTTRAIN</Key>
    <Name>Pilot Training</Name>
    <Description>Piloting (Planetary) and Pilot (Space) become career skills.
</Description>
    <Source>User Data</Source>
    <Custom>AddedItem</Custom>
    <ActivationValue>taPassive</ActivationValue>
    <ChooseCareerSkills>
      <NewSkills>
        <Key>PILOTSP</Key>
      </NewSkills>
      <Type />
    </ChooseCareerSkills>
    <Activation>Passive</Activation>
  </Talent>
  <Talent>
    <Key>HIDDIMP</Key>
    <Name>Hidden Storage (Improved)</Name>
    <Description>The character may use Hidden Storage to store an item within his own suitably modified body.</Description>
    <Source>User Data</Source>
    <Custom>AddedItem</Custom>
    <ActivationValue>taPassive</ActivationValue>
    <ChooseCareerSkills>
      <ChooseByType>true</ChooseByType>
      <TypeValue>stGeneral</TypeValue>
      <Type>General</Type>
    </ChooseCareerSkills>
    <Activation>Passive</Activation>
  </Talent>
  <Talent>
    <Key>INDISIMP</Key>
    <Name>Indistinguishable (Improved)</Name>
    <Description>The character may extend the effects of Indistinguishable to a number of allies within short range equal to ranks in Deception.
</Description>
    <Source>User Data</Source>
    <Custom>AddedItem</Custom>
    <ActivationValue>taPassive</ActivationValue>
    <ChooseCareerSkills>
      <ChooseByType>true</ChooseByType>
      <TypeValue>stGeneral</TypeValue>
      <Type>General</Type>
    </ChooseCareerSkills>
    <Activation>Passive</Activation>
  </Talent>
  <Talent>
    <Key>LOSETHEM</Key>
    <Name>Lose Them</Name>
    <Description>When being followed or chased, the character may perform the Lose Them action and make a [B]Hard ([DI][DI][DI]) Stealth check[b]. If successful, add [SE][SE] to checks to follow him for the remainder of the encounter and may spend [TR] to indicate his pursuers have lost him completely.
</Description>
    <Source>User Data</Source>
    <Custom>AddedItem</Custom>
    <ActivationValue>taAction</ActivationValue>
    <ChooseCareerSkills>
      <ChooseByType>true</ChooseByType>
      <TypeValue>stGeneral</TypeValue>
      <Type>General</Type>
    </ChooseCareerSkills>
    <Activation>Action</Activation>
  </Talent>
  <Talent>
    <Key>INCITEDIST</Key>
    <Name>Incite Distration</Name>
    <Description>While in a crowd, may perform the Incite Distraction action to make an [B]Average ([DI][DI]) Deception check[b]. If successful, enemies treat the area as difficult terrain. The character may spend [TR] to make the location impassable terrain to them instead.</Description>
    <Source>User Data</Source>
    <Custom>AddedItem</Custom>
    <ActivationValue>taAction</ActivationValue>
    <ChooseCareerSkills>
      <ChooseByType>true</ChooseByType>
      <TypeValue>stGeneral</TypeValue>
      <Type>General</Type>
    </ChooseCareerSkills>
    <Activation>Action</Activation>
  </Talent>
  <Talent>
    <Key>ANALDATA</Key>
    <Name>Analyze Data</Name>
    <Description>Once per session, after capturing enemy data, the character may perform the Analyze Data action to make an [B] Average ([DI][DI]) Knowledge (Warfare) check[b]. Once during the remainder of the session he may then add [SU] equal to ranks in Knowledge (Warfare) to one check related to that data.
</Description>
    <Source>User Data</Source>
    <Custom>AddedItem</Custom>
    <ActivationValue>taAction</ActivationValue>
    <ChooseCareerSkills>
      <ChooseByType>true</ChooseByType>
      <TypeValue>stGeneral</TypeValue>
      <Type>General</Type>
    </ChooseCareerSkills>
    <Activation>Action</Activation>
  </Talent>
  <Talent>
    <Key>STEPAHEAD</Key>
    <Name>A Step Ahead</Name>
    <Description>Once per session, the character may suffer 2 strain in order to count his Cunning as one higher than normal for the remainder of the encounter.</Description>
    <Source>User Data</Source>
    <Custom>AddedItem</Custom>
    <ActivationValue>taIncidentalOOT</ActivationValue>
    <ChooseCareerSkills>
      <ChooseByType>true</ChooseByType>
      <TypeValue>stGeneral</TypeValue>
      <Type>General</Type>
    </ChooseCareerSkills>
    <Activation>OOT Incidental</Activation>
  </Talent>
  <Talent>
    <Key>INSIDEPERSON</Key>
    <Name>Inside Person</Name>
    <Description>Once per session, the character may spend a Destiny Point to establish he has previously been undercover gathering information in an identified enemy base or large vehicle. For the remainder of the session, add automatic [AD][AD] to checks he or his allies make that are associated with that location (such as checks to attack it or social skill checks targeting personnel in it).
</Description>
    <Source>User Data</Source>
    <Custom>AddedItem</Custom>
    <ActivationValue>taIncidentalOOT</ActivationValue>
    <ChooseCareerSkills>
      <ChooseByType>true</ChooseByType>
      <TypeValue>stGeneral</TypeValue>
      <Type>General</Type>
    </ChooseCareerSkills>
    <Activation>OOT Incidental</Activation>
  </Talent>
  <Talent>
    <Key>INSIDEKNOW</Key>
    <Name>Inside Knowledge</Name>
    <Description>Once per session while in an enemy facility or vessel, may perform the Inside Knowledge action; make a [B]Hard ([DI][DI][DI]) Skullduggery check[b]. Character may then find a single personal scale item with a rarity no greater than Cunning plus 2 previously stashed here, or gain a narrative benefit.</Description>
    <Source>User Data</Source>
    <Custom>AddedItem</Custom>
    <ActivationValue>taAction</ActivationValue>
    <ChooseCareerSkills>
      <ChooseByType>true</ChooseByType>
      <TypeValue>stGeneral</TypeValue>
      <Type>General</Type>
    </ChooseCareerSkills>
    <Activation>Action</Activation>
  </Talent>
  <Talent>
    <Key>RESISTQUEST</Key>
    <Name>Resist Questioning</Name>
    <Description>When targeted by an opposed social skill check, the character may suffer 2 strain to perform the Resist Questioning out-of-turn incidental, adding [SE] to the check. If the check fails, may spend [DE] to indicate he has provided false information to foe.</Description>
    <Source>User Data</Source>
    <Custom>AddedItem</Custom>
    <ActivationValue>taIncidentalOOT</ActivationValue>
    <ChooseCareerSkills>
      <ChooseByType>true</ChooseByType>
      <TypeValue>stGeneral</TypeValue>
      <Type>General</Type>
    </ChooseCareerSkills>
    <Activation>OOT Incidental</Activation>
  </Talent>
  <Talent>
    <Key>KNOWWEAKIMP</Key>
    <Name>Know Their Weakness (Improved)</Name>
    <Description>The character may extend the effects of Know Their Weakness to a number of enemies within short range equal to his Presence.
</Description>
    <Source>User Data</Source>
    <Custom>AddedItem</Custom>
    <ActivationValue>taPassive</ActivationValue>
    <ChooseCareerSkills>
      <ChooseByType>true</ChooseByType>
      <TypeValue>stGeneral</TypeValue>
      <Type>General</Type>
    </ChooseCareerSkills>
    <Activation>Passive</Activation>
  </Talent>
  <Talent>
    <Key>KNOWWEAK</Key>
    <Name>Know Their Weakness</Name>
    <Description>Once per session, may perform the Know Their Weakness action and choose one target within short range; make a [B]Hard ([DI][DI][DI]) Perception check[b] to downgrade the difficulty of social checks against target once per rank of Know Their Weakness until the end of the session.</Description>
    <Source>User Data</Source>
    <Custom>AddedItem</Custom>
    <Ranked>true</Ranked>
    <ActivationValue>taAction</ActivationValue>
    <ChooseCareerSkills>
      <ChooseByType>true</ChooseByType>
      <TypeValue>stGeneral</TypeValue>
      <Type>General</Type>
    </ChooseCareerSkills>
    <Activation>Action</Activation>
  </Talent>
  <Talent>
    <Key>RESISTQUESTIMP</Key>
    <Name>Resist Questioning (Improved)</Name>
    <Description>When one ally within short range is targeted by an opposed social skill check, the character may perform Resist Questioning to affect this check instead. If the check fails, may spend [DE] to indicate the ally provided false information to foe.
</Description>
    <Source>User Data</Source>
    <Custom>AddedItem</Custom>
    <ActivationValue>taPassive</ActivationValue>
    <ChooseCareerSkills>
      <ChooseByType>true</ChooseByType>
      <TypeValue>stGeneral</TypeValue>
      <Type>General</Type>
    </ChooseCareerSkills>
    <Activation>Passive</Activation>
  </Talent>
  <Talent>
    <Key>MADETALK</Key>
    <Name>Made You Talk</Name>
    <Description>Once per session, may make an opposed social skill check against a captured enemy character within short range and add [BO] for every 2 strain inflicted on the target that encounter. If successful, the PCs gain a bonus based on the enemy NPC type.
</Description>
    <Source>User Data</Source>
    <Custom>AddedItem</Custom>
    <ActivationValue>taAction</ActivationValue>
    <ChooseCareerSkills>
      <ChooseByType>true</ChooseByType>
      <TypeValue>stGeneral</TypeValue>
      <Type>General</Type>
    </ChooseCareerSkills>
    <Activation>Action</Activation>
  </Talent>
  <Talent>
    <Key>EXHAUSTQUEST</Key>
    <Name>Exhaustive Questioning</Name>
    <Description>Whenever character makes a successful social skill check against a captured enemy within short range, may reduce that enemy's strain threshold by 2 for the remainder of the session and can spend [AD] to inflict 1 strain.</Description>
    <Source>User Data</Source>
    <Custom>AddedItem</Custom>
    <ActivationValue>taIncidental</ActivationValue>
    <ChooseCareerSkills>
      <ChooseByType>true</ChooseByType>
      <TypeValue>stGeneral</TypeValue>
      <Type>General</Type>
    </ChooseCareerSkills>
    <Activation>Incidental</Activation>
  </Talent>
  <Talent>
    <Key>CUNNINGPERSONA</Key>
    <Name>Cunning Persona</Name>
    <Description>The character may suffer 2 strain to make a Charm check with Cunning instead of Presence.
</Description>
    <Source>User Data</Source>
    <Custom>AddedItem</Custom>
    <ActivationValue>taIncidental</ActivationValue>
    <ChooseCareerSkills>
      <ChooseByType>true</ChooseByType>
      <TypeValue>stGeneral</TypeValue>
      <Type>General</Type>
    </ChooseCareerSkills>
    <Activation>Incidental</Activation>
  </Talent>
  <Talent>
    <Key>CONSTSPEC</Key>
    <Name>Construction Specialist</Name>
    <Description>Remove [SE] equal to ranks in Construction Specialist from checks to construct defenses, posistions, fortifications, and similar projects.</Description>
    <Sources>
      <Source Page="30">Fully Operational</Source>
    </Sources>
    <Custom>DescOnly</Custom>
    <Ranked>true</Ranked>
    <ActivationValue>taPassive</ActivationValue>
    <Activation>Passive</Activation>
  </Talent>
  <Talent>
    <Key>CREATDES</Key>
    <Name>Creative Design</Name>
    <Description>As part of resolving a successful crafting check, the character may also apply a result equivalent to spending a number of [AD] equal to his ranks in Creative Design. The GM may then apply a result equivalent to spending that same number of [TH].</Description>
    <Sources>
      <Source Page="30">Fully Operational</Source>
    </Sources>
    <Custom>DescOnly</Custom>
    <Ranked>true</Ranked>
    <ActivationValue>taPassive</ActivationValue>
    <Activation>Passive</Activation>
  </Talent>
  <Talent>
    <Key>DESFLAW</Key>
    <Name>Design Flaw</Name>
    <Description>When making a combat check with a personal scale weapon against a droid, may add [AD] equal to ranks of Design Flaw.</Description>
    <Sources>
      <Source Page="30">Fully Operational</Source>
    </Sources>
    <Custom>DescOnly</Custom>
    <Ranked>true</Ranked>
    <ActivationValue>taIncidental</ActivationValue>
    <Activation>Incidental</Activation>
  </Talent>
  <Talent>
    <Key>DESPREP</Key>
    <Name>Desperate Repairs</Name>
    <Description>Once per session may make a [B]Hard ([DI][DI][DI]) Mechanics check[b] on one engaged allied droid. If successful, the droid becomes immobilized and staggered for 1 round, then heals all strain and one Critical Injury with a severity rating no greater than [B]Hard ([DI][DI][DI])[b].</Description>
    <Sources>
      <Source Page="30">Fully Operational</Source>
    </Sources>
    <Custom>DescOnly</Custom>
    <ActivationValue>taAction</ActivationValue>
    <Activation>Action</Activation>
  </Talent>
  <Talent>
    <Key>DOCKEXP</Key>
    <Name>Dockyard Expertise</Name>
    <Description>May make an [B]Average ([DI][DI]) Knowledge (Education) check[b] when at a space dock. If successful, the cost and time for repairs is reduced by 25% per rank of Dockyard Expertise.</Description>
    <Sources>
      <Source Page="30">Fully Operational</Source>
    </Sources>
    <Custom>DescOnly</Custom>
    <Ranked>true</Ranked>
    <ActivationValue>taAction</ActivationValue>
    <Activation>Action</Activation>
  </Talent>
  <Talent>
    <Key>IMPDEF</Key>
    <Name>Improvised Defenses</Name>
    <Description>May make an [B]Average ([DI][DI]) Survival check[b] to fashion small defenses. It provides cover for up to 4 characters for the rest of the encounter.</Description>
    <Sources>
      <Source Page="30">Fully Operational</Source>
    </Sources>
    <Custom>DescOnly</Custom>
    <ActivationValue>taAction</ActivationValue>
    <Activation>Action</Activation>
  </Talent>
  <Talent>
    <Key>IMPDET</Key>
    <Name>Improvised Detonation</Name>
    <Description>The character may make a [B]Hard ([DI][DI][DI]) Mechanics check[b] to construct a secure position. This provides cover for the group and its vehicles.</Description>
    <Sources>
      <Source Page="32">Dangerous Covenants</Source>
      <Source Page="30">Fully Operational</Source>
    </Sources>
    <Custom>DescOnly</Custom>
    <ActivationValue>taAction</ActivationValue>
    <Activation>Action</Activation>
  </Talent>
  <Talent>
    <Key>PUSHSPEC</Key>
    <Name>Push the Specs</Name>
    <Description>Perform the Push the Specs action when making an [B]Average ([DI][DI]) Knowledge (Education) check[b]. With success, the ship's top speed increases by 1 for a number of rounds equal to the character's Intellect.</Description>
    <Sources>
      <Source Page="31">Fully Operational</Source>
    </Sources>
    <Custom>DescOnly</Custom>
    <ActivationValue>taAction</ActivationValue>
    <Activation>Action</Activation>
  </Talent>
  <Talent>
    <Key>REPPATCHSPEC</Key>
    <Name>Repair Patch Specialization</Name>
    <Description>Whenever using an emergency repair patch, the target heals an additional wound per rank of Repair Patch Specialization.</Description>
    <Sources>
      <Source Page="31">Fully Operational</Source>
    </Sources>
    <Custom>DescOnly</Custom>
    <Ranked>true</Ranked>
    <ActivationValue>taPassive</ActivationValue>
    <Activation>Passive</Activation>
  </Talent>
  <Talent>
    <Key>SMARTHAND</Key>
    <Name>Smart Handling</Name>
    <Description>Once per session may take the Weak Foundation action; make a [B]Hard ([DI][DI][DI]) Knowledge (Warfare) check[b]. If successful, for the remainder of the encounter the character and all allies add automatic [AD][AD] or [SU] to all combat checks made targeting the identified fixed structure.</Description>
    <Sources>
      <Source Page="31">Fully Operational</Source>
    </Sources>
    <Custom>DescOnly</Custom>
    <ActivationValue>taAction</ActivationValue>
    <Activation>Action</Activation>
  </Talent>
  <Talent>
    <Key>IMPPOS</Key>
    <Name>Improvised Position</Name>
    <Description>The character may make a [B]Hard ([DI][DI][DI]) Mechanics check[b] to construct a secure position. This provides cover for the group and its vehicles.</Description>
    <Sources>
      <Source Page="31">Fully Operational</Source>
    </Sources>
    <Custom>DescOnly</Custom>
    <ActivationValue>taAction</ActivationValue>
    <Activation>Action</Activation>
  </Talent>
  <Talent>
    <Key>COMBATPROG</Key>
    <Name>Combat Programming</Name>
    <Description>Once per encounter make a [B]Hard ([DI][DI][DI]) Computers check[b] while repairing or working on a droid. For the remainder of the encounter, the droid gains 1 rank in two different combat skills.</Description>
    <Sources>
      <Source Page="30">Fully Operational</Source>
    </Sources>
    <Custom>DescOnly</Custom>
    <ActivationValue>taAction</ActivationValue>
    <Activation>Action</Activation>
  </Talent>
</Talents>