<?xml version="1.0"?>
<Specialization xmlns:xsi="http://www.w3.org/2001/XMLSchema-instance" xmlns:xsd="http://www.w3.org/2001/XMLSchema">
  <Key>COMMODORE</Key>
  <Name>Commodore</Name>
  <Description>
    [H4]Commodore - Capital Command[h4]

Each and every capital ship the Alliance has is valuable, which means that each Commodore given one to command has earned tremendous respect and trust. Even those Commodores who are not actually captains of particular ships, instead operating in another key support role, have demonstrated great gifts for strategic thinking and resource management on a large scale. 

[P]Commodores add [B]Astrogation, Computers, Knowledge (Education),[b] and [B]Knowledge (Outer Rim)[b] to their career skills. If this is the first specialization for a PC, two of these four skills gain a free rank when they are chosen. In addition to maintaining extraordinary calm in stressful situations and providing strong guidance to those around him, a Commodore is best served by understanding the incredibly technical aspects of navigating the stars and managing the crucial resources of his ship. 

[P]Commodores tend to spend very little time on any planet, having chosen a path placing them firmly in the stars with hard ship decks under their feet. They relish both the daily challenge of keeping a ship and its crew operating at peak capacity and facing the strategic challenges of capital ship engagements. The greatest Commodores find themselves managing not just a single ship, but a fleet of them, matching wits against their enemy counterparts in a huge game with very deadly consequences for each and every piece in play. 

[P]Effective Commodores are even more precious than Pilots for the Alliance Navy. Anyone showing a capacity for the role likely finds himself groomed heavily for eventual command. The Rebellion faces the might of the Imperial Navy with but a fraction of the tonnage in capital ships, so each one must be commanded by the absolute best. </Description>
  <Source Page="73">Age of Rebellion Core Rulebook</Source>
  <Custom>DescOnly</Custom>
  <CareerSkills>
    <Key>ASTRO</Key>
    <Key>COMP</Key>
    <Key>EDU</Key>
    <Key>OUT</Key>
  </CareerSkills>
  <TalentRows>
    <TalentRow>
      <Cost>5</Cost>
      <Talents>
        <Key>SOLREP</Key>
        <Key>COM</Key>
        <Key>RAPREA</Key>
        <Key>GALMAP</Key>
      </Talents>
      <Directions>
        <Direction>
          <Down>true</Down>
        </Direction>
        <Direction>
          <Down>true</Down>
        </Direction>
        <Direction>
          <Down>true</Down>
        </Direction>
        <Direction>
          <Down>true</Down>
        </Direction>
      </Directions>
    </TalentRow>
    <TalentRow>
      <Index>1</Index>
      <Cost>10</Cost>
      <Talents>
        <Key>KNOWSCH</Key>
        <Key>COMMPRES</Key>
        <Key>GRIT</Key>
        <Key>FAMSUNS</Key>
      </Talents>
      <Directions>
        <Direction>
          <Up>true</Up>
          <Down>true</Down>
        </Direction>
        <Direction>
          <Up>true</Up>
          <Down>true</Down>
        </Direction>
        <Direction>
          <Up>true</Up>
          <Down>true</Down>
        </Direction>
        <Direction>
          <Up>true</Up>
          <Down>true</Down>
        </Direction>
      </Directions>
    </TalentRow>
    <TalentRow>
      <Index>2</Index>
      <Cost>15</Cost>
      <Talents>
        <Key>SOLREP</Key>
        <Key>COM</Key>
        <Key>RAPREA</Key>
        <Key>GALMAP</Key>
      </Talents>
      <Directions>
        <Direction>
          <Up>true</Up>
          <Down>true</Down>
        </Direction>
        <Direction>
          <Up>true</Up>
          <Down>true</Down>
        </Direction>
        <Direction>
          <Up>true</Up>
          <Down>true</Down>
        </Direction>
        <Direction>
          <Up>true</Up>
          <Down>true</Down>
        </Direction>
      </Directions>
    </TalentRow>
    <TalentRow>
      <Index>3</Index>
      <Cost>20</Cost>
      <Talents>
        <Key>HOLDTOG</Key>
        <Key>COMMPRES</Key>
        <Key>GRIT</Key>
        <Key>MASSTAR</Key>
      </Talents>
      <Directions>
        <Direction>
          <Up>true</Up>
          <Down>true</Down>
        </Direction>
        <Direction>
          <Up>true</Up>
          <Down>true</Down>
        </Direction>
        <Direction>
          <Up>true</Up>
          <Down>true</Down>
        </Direction>
        <Direction>
          <Up>true</Up>
          <Down>true</Down>
        </Direction>
      </Directions>
    </TalentRow>
    <TalentRow>
      <Index>4</Index>
      <Cost>25</Cost>
      <Talents>
        <Key>SOLREP</Key>
        <Key>FIRECON</Key>
        <Key>DEDI</Key>
        <Key>GALMAP</Key>
      </Talents>
      <Directions>
        <Direction>
          <Right>true</Right>
          <Up>true</Up>
        </Direction>
        <Direction>
          <Left>true</Left>
          <Right>true</Right>
          <Up>true</Up>
        </Direction>
        <Direction>
          <Left>true</Left>
          <Right>true</Right>
          <Up>true</Up>
        </Direction>
        <Direction>
          <Left>true</Left>
          <Up>true</Up>
        </Direction>
      </Directions>
    </TalentRow>
  </TalentRows>
</Specialization>