<?xml version="1.0"?>
<Specialization xmlns:xsi="http://www.w3.org/2001/XMLSchema-instance" xmlns:xsd="http://www.w3.org/2001/XMLSchema">
  <Key>GADG</Key>
  <Name>Gadgeteer</Name>
  <Description>[H4]Gadgeteer - Connoisseur of Tech[h4]

[P]Considering how often a single Bounty Hunter finds himself faced with terrible odds (more often than not, an acquisition has friends or employees who work hard to protect him), it's not surprising how many specialize in high-tech gear and weapons. The Gadgeteer excels at presenting himself as a one-person battle force, at least for a short time. Using both the latest tech and his own personally-modified gear, a Bounty Hunter with this specialization can be hard to stop. 
[P]Gadgeteers add the skills [B]Brawl, Coercion, Mechanics,[b] and [B]Ranged (Light)[b] to their repertoire of class skills, making them ranged combat experts, effective technicians, and masters of surveillance. If this is the character's starting Specialization, he may choose two of these skills and gain one free rank in each, without spending starting experience. Gadgeteer talents lean heavily towards gear use, taking down targets, and adapting to tough situations. 

[P]Gadgeteer-specialized Bounty Hunters are in many ways the ultimate hybrid of tech expert and combatant; for smaller groups, this may be a perfect choice. Gadgeteers—especially those that are operating as Independent Bounty Hunters—have little trouble signing on for nearly any job. After all, the credits they need for that next nifty piece of tech have to come from [I]somewhere[i].</Description>
  <Source Page="60">Edge of the Empire Core Rulebook</Source>
  <Custom>DescOnly</Custom>
  <CareerSkills>
    <Key>BRAWL</Key>
    <Key>COERC</Key>
    <Key>MECH</Key>
    <Key>RANGLT</Key>
  </CareerSkills>
  <TalentRows>
    <TalentRow>
      <Cost>5</Cost>
      <Talents>
        <Key>BRA</Key>
        <Key>TOUGH</Key>
        <Key>INTIM</Key>
        <Key>DEFSTA</Key>
      </Talents>
      <Directions>
        <Direction />
        <Direction>
          <Down>true</Down>
        </Direction>
        <Direction />
        <Direction>
          <Down>true</Down>
        </Direction>
      </Directions>
    </TalentRow>
    <TalentRow>
      <Index>1</Index>
      <Cost>10</Cost>
      <Talents>
        <Key>SPARECL</Key>
        <Key>JURY</Key>
        <Key>POINTBL</Key>
        <Key>DISOR</Key>
      </Talents>
      <Directions>
        <Direction>
          <Right>true</Right>
        </Direction>
        <Direction>
          <Left>true</Left>
          <Right>true</Right>
          <Up>true</Up>
          <Down>true</Down>
        </Direction>
        <Direction>
          <Left>true</Left>
        </Direction>
        <Direction>
          <Up>true</Up>
          <Down>true</Down>
        </Direction>
      </Directions>
    </TalentRow>
    <TalentRow>
      <Index>2</Index>
      <Cost>15</Cost>
      <Talents>
        <Key>TOUGH</Key>
        <Key>ARM</Key>
        <Key>NATENF</Key>
        <Key>STUNBL</Key>
      </Talents>
      <Directions>
        <Direction>
          <Right>true</Right>
        </Direction>
        <Direction>
          <Left>true</Left>
          <Right>true</Right>
          <Up>true</Up>
          <Down>true</Down>
        </Direction>
        <Direction>
          <Left>true</Left>
        </Direction>
        <Direction>
          <Up>true</Up>
          <Down>true</Down>
        </Direction>
      </Directions>
    </TalentRow>
    <TalentRow>
      <Index>3</Index>
      <Cost>20</Cost>
      <Talents>
        <Key>JURY</Key>
        <Key>TINK</Key>
        <Key>DEADACC</Key>
        <Key>STUNBLIMP</Key>
      </Talents>
      <Directions>
        <Direction>
          <Right>true</Right>
        </Direction>
        <Direction>
          <Left>true</Left>
          <Right>true</Right>
          <Up>true</Up>
          <Down>true</Down>
        </Direction>
        <Direction>
          <Left>true</Left>
        </Direction>
        <Direction>
          <Up>true</Up>
          <Down>true</Down>
        </Direction>
      </Directions>
    </TalentRow>
    <TalentRow>
      <Index>4</Index>
      <Cost>25</Cost>
      <Talents>
        <Key>INTIM</Key>
        <Key>DEDI</Key>
        <Key>ARMIMP</Key>
        <Key>CRIPV</Key>
      </Talents>
      <Directions>
        <Direction>
          <Right>true</Right>
        </Direction>
        <Direction>
          <Left>true</Left>
          <Right>true</Right>
          <Up>true</Up>
        </Direction>
        <Direction>
          <Left>true</Left>
        </Direction>
        <Direction>
          <Up>true</Up>
        </Direction>
      </Directions>
    </TalentRow>
  </TalentRows>
</Specialization>