<?xml version="1.0"?>
<Specialization xmlns:xsi="http://www.w3.org/2001/XMLSchema-instance" xmlns:xsd="http://www.w3.org/2001/XMLSchema">
  <Key>NIMAN</Key>
  <Name>Niman Disciple</Name>
  <Description>[H4]Niman Disciple[h4]

Even the most accomplished of negotiators can see negotiations fail and come to violence. In the time of the Republic. many Jedi peacemakers trained with the lightsaber to prepare themselves for that eventuality. Today, Consulars who wish to do the same can focus on self-defense and gain a working knowledge of lightsaber combat by following the path of the Niman Disciple. 

[P]Niman Disciples gain the additional career skills of [B]Discipline, Leadership, Lightsaber,[b] and [B]Negotiation,[b] and if this is the PC's starting specialization, the PC gains one rank in each of two of these skills. They remain focused on working with groups of individuals to come to a peaceful accord, but they acknowledge that the road to that accord may be fraught with danger. These skills can make surviving in a treacherous environment much more possible. 
[P]Due to Consulars' naturally compassionate nature, this path centers on developing defensive measures in concert with negotiation techniques. In general, the associated combat techniques are focused on survival and defense instead of attack. Also, due to the Consular's emphasis on mental discipline and self control, the Niman Disciple puts more emphasis on integrating his Force abilities into his fighting style, using the Force as his ally to defeat dangerous foes.</Description>
  <Source Page="70">Force and Destiny Core Rulebook</Source>
  <Custom>DescOnly</Custom>
  <CareerSkills>
    <Key>DISC</Key>
    <Key>LEAD</Key>
    <Key>LTSABER</Key>
    <Key>NEG</Key>
  </CareerSkills>
  <TalentRows>
    <TalentRow>
      <Cost>5</Cost>
      <Talents>
        <Key>PARRY</Key>
        <Key>NOBFOOL</Key>
        <Key>REFLECT</Key>
        <Key>GRIT</Key>
      </Talents>
      <Directions>
        <Direction />
        <Direction>
          <Down>true</Down>
        </Direction>
        <Direction />
        <Direction />
      </Directions>
    </TalentRow>
    <TalentRow>
      <Cost>10</Cost>
      <Talents>
        <Key>DEFTRAIN</Key>
        <Key>NIMTECH</Key>
        <Key>TOUGH</Key>
        <Key>PARRY</Key>
      </Talents>
      <Directions>
        <Direction>
          <Right>true</Right>
          <Down>true</Down>
        </Direction>
        <Direction>
          <Left>true</Left>
          <Up>true</Up>
          <Down>true</Down>
        </Direction>
        <Direction>
          <Down>true</Down>
        </Direction>
        <Direction>
          <Down>true</Down>
        </Direction>
      </Directions>
    </TalentRow>
    <TalentRow>
      <Cost>15</Cost>
      <Talents>
        <Key>PARRY</Key>
        <Key>SENSDEMO</Key>
        <Key>REFLECT</Key>
        <Key>DEFTRAIN</Key>
      </Talents>
      <Directions>
        <Direction>
          <Right>true</Right>
          <Up>true</Up>
          <Down>true</Down>
        </Direction>
        <Direction>
          <Left>true</Left>
          <Right>true</Right>
          <Up>true</Up>
          <Down>true</Down>
        </Direction>
        <Direction>
          <Left>true</Left>
          <Right>true</Right>
          <Up>true</Up>
          <Down>true</Down>
        </Direction>
        <Direction>
          <Left>true</Left>
          <Up>true</Up>
          <Down>true</Down>
        </Direction>
      </Directions>
    </TalentRow>
    <TalentRow>
      <Cost>20</Cost>
      <Talents>
        <Key>SUMDJEM</Key>
        <Key>REFLECT</Key>
        <Key>DRAWCLOSER</Key>
        <Key>CENTBEING</Key>
      </Talents>
      <Directions>
        <Direction>
          <Right>true</Right>
          <Up>true</Up>
          <Down>true</Down>
        </Direction>
        <Direction>
          <Left>true</Left>
          <Right>true</Right>
          <Up>true</Up>
          <Down>true</Down>
        </Direction>
        <Direction>
          <Left>true</Left>
          <Right>true</Right>
          <Up>true</Up>
        </Direction>
        <Direction>
          <Left>true</Left>
          <Up>true</Up>
          <Down>true</Down>
        </Direction>
      </Directions>
    </TalentRow>
    <TalentRow>
      <Cost>25</Cost>
      <Talents>
        <Key>DEDI</Key>
        <Key>FORCEASSAULT</Key>
        <Key>FORCERAT</Key>
        <Key>CENTBEINGIMP</Key>
      </Talents>
      <Directions>
        <Direction>
          <Right>true</Right>
          <Up>true</Up>
        </Direction>
        <Direction>
          <Left>true</Left>
          <Up>true</Up>
        </Direction>
        <Direction>
          <Right>true</Right>
        </Direction>
        <Direction>
          <Left>true</Left>
          <Up>true</Up>
        </Direction>
      </Directions>
    </TalentRow>
  </TalentRows>
</Specialization>