<?xml version="1.0"?>
<Specialization xmlns:xsi="http://www.w3.org/2001/XMLSchema-instance" xmlns:xsd="http://www.w3.org/2001/XMLSchema">
  <Key>PROTECT</Key>
  <Name>Protector</Name>
  <Description>[H4]Protector[h4]

Guardians are often driven by their compassion for the plights of those who cannot protect themselves. Protectors ensure these innocents never come to harm. Few are tougher than a Protector, and even fewer can get through his guard to attack those he defends. Even if his charges do suffer harm, the Protector possesses basic medical knowledge to heal their wounds. 

[P]Protectors gain the additional career skills of [B]Athletics, Medicine, Ranged (Light),[b] and [B]Resilience[b]. If this is the characters starting specialization, he may choose two of these skills and gain one free rank in each, without spending starting experience. This combination enables the character to assist those who are in need during a crisis. These skills complement many of the talent selections, so that the Protector remains capable of effectively shielding others from suffering harm without sacrificing his own capabilities. 

[P]Protectors could be considered bodyguards, but their efforts are seldom limited to protecting a single individual. Instead, Protectors are more likely to defend the needy on a larger scale. Often, they function as rescue workers, using their medical knowledge to stabilize injuries in the field and then providing additional protection. In other cases, Protectors may shelter refugees or other victims fleeing terrible situations. holding the line until the innocents can escape to safety. When a Protector does defend a single individual, It is likely because a great threat—even another Force user—pursues the person. 

[P]Some Protectors might come to master their abilities while working in a military or law enforcement role. Some Force techniques might manifest spontaneously as they instinctively act to keep companions safe. This could be particularly relevant for individuals who have not recognized their connection to the Force. Its presence might enable them to save an ally from danger in a seemingly inexplicable fashion. However, once these individuals realize the power they have, they must decide whether to continue their career and keep it a secret, or leave the life they've known and explore their new abilities.</Description>
  <Source Page="76">Force and Destiny Core Rulebook</Source>
  <Custom>DescOnly</Custom>
  <CareerSkills>
    <Key>ATHL</Key>
    <Key>MED</Key>
    <Key>RANGLT</Key>
    <Key>RESIL</Key>
  </CareerSkills>
  <TalentRows>
    <TalentRow>
      <Cost>5</Cost>
      <Talents>
        <Key>TOUGH</Key>
        <Key>BOD</Key>
        <Key>GRIT</Key>
        <Key>TOUGH</Key>
      </Talents>
      <Directions>
        <Direction />
        <Direction>
          <Down>true</Down>
        </Direction>
        <Direction />
        <Direction>
          <Down>true</Down>
        </Direction>
      </Directions>
    </TalentRow>
    <TalentRow>
      <Cost>10</Cost>
      <Talents>
        <Key>PARRY</Key>
        <Key>PHYSICIAN</Key>
        <Key>STIMSPEC</Key>
        <Key>FORCEPROT</Key>
      </Talents>
      <Directions>
        <Direction>
          <Right>true</Right>
          <Down>true</Down>
        </Direction>
        <Direction>
          <Left>true</Left>
          <Right>true</Right>
          <Up>true</Up>
          <Down>true</Down>
        </Direction>
        <Direction>
          <Left>true</Left>
          <Right>true</Right>
          <Down>true</Down>
        </Direction>
        <Direction>
          <Left>true</Left>
          <Up>true</Up>
          <Down>true</Down>
        </Direction>
      </Directions>
    </TalentRow>
    <TalentRow>
      <Cost>15</Cost>
      <Talents>
        <Key>REFLECT</Key>
        <Key>STIMSPEC</Key>
        <Key>HEIGHT</Key>
        <Key>CENTBEING</Key>
      </Talents>
      <Directions>
        <Direction>
          <Up>true</Up>
          <Down>true</Down>
        </Direction>
        <Direction>
          <Right>true</Right>
          <Up>true</Up>
          <Down>true</Down>
        </Direction>
        <Direction>
          <Left>true</Left>
          <Right>true</Right>
          <Up>true</Up>
          <Down>true</Down>
        </Direction>
        <Direction>
          <Left>true</Left>
          <Up>true</Up>
        </Direction>
      </Directions>
    </TalentRow>
    <TalentRow>
      <Cost>20</Cost>
      <Talents>
        <Key>CIRCLESHELTER</Key>
        <Key>FORCEPROT</Key>
        <Key>GRIT</Key>
        <Key>BOD</Key>
      </Talents>
      <Directions>
        <Direction>
          <Up>true</Up>
        </Direction>
        <Direction>
          <Right>true</Right>
          <Up>true</Up>
          <Down>true</Down>
        </Direction>
        <Direction>
          <Left>true</Left>
          <Right>true</Right>
          <Up>true</Up>
          <Down>true</Down>
        </Direction>
        <Direction>
          <Left>true</Left>
          <Down>true</Down>
        </Direction>
      </Directions>
    </TalentRow>
    <TalentRow>
      <Cost>25</Cost>
      <Talents>
        <Key>CENTBEING</Key>
        <Key>FORCERAT</Key>
        <Key>DEDI</Key>
        <Key>BODIMP</Key>
      </Talents>
      <Directions>
        <Direction>
          <Right>true</Right>
          <Up>true</Up>
        </Direction>
        <Direction>
          <Left>true</Left>
          <Right>true</Right>
          <Up>true</Up>
        </Direction>
        <Direction>
          <Left>true</Left>
          <Right>true</Right>
          <Up>true</Up>
        </Direction>
        <Direction>
          <Left>true</Left>
          <Up>true</Up>
        </Direction>
      </Directions>
    </TalentRow>
  </TalentRows>
</Specialization>