<?xml version="1.0"?>
<Specialization xmlns:xsi="http://www.w3.org/2001/XMLSchema-instance" xmlns:xsd="http://www.w3.org/2001/XMLSchema">
  <Key>RECRUIT</Key>
  <Name>Recruit</Name>
  <Description>
    [H4]Recruit[h4]

Due to [B]Age of Rebellion's[b] focus on the Galactic Civil War, most groups of PCs find themselves embroiled in conflict very quickly. Against a force like the Empire, any form of military training can mean the difference between life and death. While the Alliance isn't as organized or regimented as the Empire, they do try to give a decent number of their members some form of combat training. This training helps to enhance the Rebels' chance not only to survive in combat but to fight effectively to achieve their goals. 

[P]The Recruit specialization is a universal specialization, and the experience cost to take it is ten times the total number of specializations that the character would have after adding the new specialization. While this means that the specialization costs the same as a career specialization, note that universal specializations are not career specializations. 

[P]The additional career skills a PC receives when taking this specialization are [B]Athletics, Discipline, Survival,[b] and [B]Vigilance[b]. Alliance operatives who go through this training enhance their physical fitness, awareness, and general competency at a wide variety of skills. Those who commit extra time and effort can also enhance their abilities with weapons and ground vehicles, as well as their general knowledge of the many worlds to which they may end up traveling. 

[P]Characters from almost any career can benefit from becoming a Recruit and gaining some basic military training. Small teams of specialists going up against the Empire's best will likely need to call upon every scrap of combat ability they collectively possess to survive dramatic fights for their very lives. 

[P]The Alliance strongly recommends such training for any Rebels who are actively going into the field, regardless of their career, goals, or role in a team. Even Diplomats are actively encouraged to undergo military training; they do no good to anyone if they cannot come back alive from their latest efforts to negotiate a treaty or acquire supplies. Becoming a Recruit might not make a character a full-fledged special forces hero, but it certainly doesn't hurt.</Description>
  <Source Page="100">Age of Rebellion Core Rulebook</Source>
  <Custom>DescOnly</Custom>
  <CareerSkills>
    <Key>ATHL</Key>
    <Key>DISC</Key>
    <Key>SURV</Key>
    <Key>VIGIL</Key>
  </CareerSkills>
  <TalentRows>
    <TalentRow>
      <Cost>5</Cost>
      <Talents>
        <Key>BASICTRAIN</Key>
        <Key>SECWIND</Key>
        <Key>OUTDOOR</Key>
        <Key>TACTTRAIN</Key>
      </Talents>
      <Directions>
        <Direction>
          <Down>true</Down>
        </Direction>
        <Direction>
          <Down>true</Down>
        </Direction>
        <Direction>
          <Down>true</Down>
        </Direction>
        <Direction>
          <Down>true</Down>
        </Direction>
      </Directions>
    </TalentRow>
    <TalentRow>
      <Cost>10</Cost>
      <Talents>
        <Key>SECWIND</Key>
        <Key>VEHTRAIN</Key>
        <Key>WELLTRAV</Key>
        <Key>TOUGH</Key>
      </Talents>
      <Directions>
        <Direction>
          <Up>true</Up>
          <Down>true</Down>
        </Direction>
        <Direction>
          <Up>true</Up>
          <Down>true</Down>
        </Direction>
        <Direction>
          <Up>true</Up>
          <Down>true</Down>
        </Direction>
        <Direction>
          <Up>true</Up>
          <Down>true</Down>
        </Direction>
      </Directions>
    </TalentRow>
    <TalentRow>
      <Cost>15</Cost>
      <Talents>
        <Key>QUICKDR</Key>
        <Key>GRIT</Key>
        <Key>TOUGH</Key>
        <Key>SPARECL</Key>
      </Talents>
      <Directions>
        <Direction>
          <Right>true</Right>
          <Up>true</Up>
        </Direction>
        <Direction>
          <Left>true</Left>
          <Up>true</Up>
          <Down>true</Down>
        </Direction>
        <Direction>
          <Up>true</Up>
          <Down>true</Down>
        </Direction>
        <Direction>
          <Up>true</Up>
          <Down>true</Down>
        </Direction>
      </Directions>
    </TalentRow>
    <TalentRow>
      <Cost>20</Cost>
      <Talents>
        <Key>SECWIND</Key>
        <Key>JUMP</Key>
        <Key>GRIT</Key>
        <Key>CREATKILL</Key>
      </Talents>
      <Directions>
        <Direction>
          <Right>true</Right>
          <Down>true</Down>
        </Direction>
        <Direction>
          <Left>true</Left>
          <Right>true</Right>
          <Up>true</Up>
        </Direction>
        <Direction>
          <Left>true</Left>
          <Right>true</Right>
          <Up>true</Up>
          <Down>true</Down>
        </Direction>
        <Direction>
          <Left>true</Left>
          <Up>true</Up>
        </Direction>
      </Directions>
    </TalentRow>
    <TalentRow>
      <Cost>25</Cost>
      <Talents>
        <Key>DYNFIRE</Key>
        <Key>DEDI</Key>
        <Key>TOUGH</Key>
        <Key>ENDUR</Key>
      </Talents>
      <Directions>
        <Direction>
          <Right>true</Right>
          <Up>true</Up>
        </Direction>
        <Direction>
          <Left>true</Left>
          <Right>true</Right>
        </Direction>
        <Direction>
          <Left>true</Left>
          <Right>true</Right>
          <Up>true</Up>
        </Direction>
        <Direction>
          <Left>true</Left>
        </Direction>
      </Directions>
    </TalentRow>
  </TalentRows>
  <Universal>true</Universal>
</Specialization>