<?xml version="1.0"?>
<Specialization xmlns:xsi="http://www.w3.org/2001/XMLSchema-instance" xmlns:xsd="http://www.w3.org/2001/XMLSchema">
  <Key>SORESU</Key>
  <Name>Soresu Defender</Name>
  <Description>[H4]Soresu Defender[h4]

Guardians frequently and deliberately put themselves in harm's way in order to aid others. However, just as the Protector is unmatched at keeping others safe. the Soresu Defender has mastered the art of self defense. With lightsaber in hand, Soresu Defenders can fend off hordes of enemies or stand firm against hails of blaster fire. surviving the worst the enemy can throw at them. 

[P]A Soresu Defender earns additional career skill access to [B]Discipline, Knowledge (Lore), Lightsaber,[b] and [B]Vigilance[b]. If this is the character's starting specialization, he may choose two of these skills and gain one free rank in each, without spending starting experience. With this combination of skills, the character can maintain constant vigilance, recognize threats, and remain resolute in the face of danger. 

[P]Soresu Defenders depend on the Force to guide them through dangers. Their techniques rest almost entirely on knowing how best to use their weapons for defensive purposes. In many ways, this style approaches the level of precognition, as the Force guides its practitioners to use their weapons to deflect an incoming attack or to move out of the way of an assault. Individuals who are unaware of their Force potential can become accomplished martial artists using these techniques, but true Soresu Defenders must be sensitive to the Force.</Description>
  <Source Page="77">Force and Destiny Core Rulebook</Source>
  <Custom>DescOnly</Custom>
  <CareerSkills>
    <Key>DISC</Key>
    <Key>LTSABER</Key>
    <Key>LORE</Key>
    <Key>VIGIL</Key>
  </CareerSkills>
  <TalentRows>
    <TalentRow>
      <Cost>5</Cost>
      <Talents>
        <Key>PARRY</Key>
        <Key>PARRY</Key>
        <Key>TOUGH</Key>
        <Key>DEFSTA</Key>
      </Talents>
      <Directions>
        <Direction>
          <Down>true</Down>
        </Direction>
        <Direction />
        <Direction />
        <Direction>
          <Down>true</Down>
        </Direction>
      </Directions>
    </TalentRow>
    <TalentRow>
      <Cost>10</Cost>
      <Talents>
        <Key>SORESUTECH</Key>
        <Key>REFLECT</Key>
        <Key>GRIT</Key>
        <Key>GRIT</Key>
      </Talents>
      <Directions>
        <Direction>
          <Right>true</Right>
          <Up>true</Up>
          <Down>true</Down>
        </Direction>
        <Direction>
          <Left>true</Left>
          <Right>true</Right>
          <Down>true</Down>
        </Direction>
        <Direction>
          <Left>true</Left>
          <Down>true</Down>
        </Direction>
        <Direction>
          <Up>true</Up>
          <Down>true</Down>
        </Direction>
      </Directions>
    </TalentRow>
    <TalentRow>
      <Cost>15</Cost>
      <Talents>
        <Key>CONF</Key>
        <Key>PARRYIMP</Key>
        <Key>DEFCIRCLE</Key>
        <Key>PARRY</Key>
      </Talents>
      <Directions>
        <Direction>
          <Right>true</Right>
          <Up>true</Up>
          <Down>true</Down>
        </Direction>
        <Direction>
          <Left>true</Left>
          <Right>true</Right>
          <Up>true</Up>
          <Down>true</Down>
        </Direction>
        <Direction>
          <Left>true</Left>
          <Up>true</Up>
          <Down>true</Down>
        </Direction>
        <Direction>
          <Up>true</Up>
          <Down>true</Down>
        </Direction>
      </Directions>
    </TalentRow>
    <TalentRow>
      <Cost>20</Cost>
      <Talents>
        <Key>PARRY</Key>
        <Key>REFLECT</Key>
        <Key>REFLECT</Key>
        <Key>DEFSTA</Key>
      </Talents>
      <Directions>
        <Direction>
          <Right>true</Right>
          <Up>true</Up>
          <Down>true</Down>
        </Direction>
        <Direction>
          <Left>true</Left>
          <Right>true</Right>
          <Up>true</Up>
        </Direction>
        <Direction>
          <Left>true</Left>
          <Right>true</Right>
          <Up>true</Up>
          <Down>true</Down>
        </Direction>
        <Direction>
          <Left>true</Left>
          <Up>true</Up>
        </Direction>
      </Directions>
    </TalentRow>
    <TalentRow>
      <Cost>25</Cost>
      <Talents>
        <Key>PARRYSUP</Key>
        <Key>DEDI</Key>
        <Key>REFLECTIMP</Key>
        <Key>STRATFORM</Key>
      </Talents>
      <Directions>
        <Direction>
          <Right>true</Right>
          <Up>true</Up>
        </Direction>
        <Direction>
          <Left>true</Left>
          <Right>true</Right>
        </Direction>
        <Direction>
          <Left>true</Left>
          <Right>true</Right>
          <Up>true</Up>
        </Direction>
        <Direction>
          <Left>true</Left>
        </Direction>
      </Directions>
    </TalentRow>
  </TalentRows>
</Specialization>