<?xml version="1.0"?>
<Specialization xmlns:xsi="http://www.w3.org/2001/XMLSchema-instance" xmlns:xsd="http://www.w3.org/2001/XMLSchema">
  <Key>STARACE</Key>
  <Name>Starfighter Ace</Name>
  <Description>[H4]Starfighter Ace[h4]

Starfighter pilots enthusiastically engage in one of the most dangerous forms of battle imaginable. Their shields and armor—for starfighters that have either—offer virtually no resistance to the weapons of the capital ships they oppose. Instead, they must trust in the Force to protect them as they launch their daring assaults. Those who embrace the risks of space combat may pursue the Starfighter Ace specialization. 

[P]Starfighter Aces acquire [B]Astrogation, Gunnery, Mechanics,[b] and [B]Piloting (Space)[b] as additional career skills. If this is the character's starting specialization, he may choose two of these skills and gain one free rank in each, without spending starting experience. These provide the essentials needed to successfully pilot a starfighter in combat. Force adepts who acquire these skills most often control single-passenger craft, in which they must assume responsibility for weapons at the same time that they handle navigation. 

[P]While this style of combat is dependent on a vehicle, it remains physically exhausting. Even with a full range of technological enhancements, effective pilots must be capable of enduring rapid and extreme shifts in velocity and direction. They must also remain ready to strike a deadly blow against an opponent at just the right instant, even while struggling to endure extreme physiological conditions.</Description>
  <Source Page="101">Force and Destiny Core Rulebook</Source>
  <Custom>DescOnly</Custom>
  <CareerSkills>
    <Key>ASTRO</Key>
    <Key>GUNN</Key>
    <Key>MECH</Key>
    <Key>PILOTSP</Key>
  </CareerSkills>
  <TalentRows>
    <TalentRow>
      <Cost>5</Cost>
      <Talents>
        <Key>GRIT</Key>
        <Key>SKILLJOCK</Key>
        <Key>RAPREA</Key>
        <Key>SOLREP</Key>
      </Talents>
      <Directions>
        <Direction />
        <Direction>
          <Down>true</Down>
        </Direction>
        <Direction>
          <Down>true</Down>
        </Direction>
        <Direction>
          <Down>true</Down>
        </Direction>
      </Directions>
    </TalentRow>
    <TalentRow>
      <Cost>10</Cost>
      <Talents>
        <Key>INTUITEVA</Key>
        <Key>CONF</Key>
        <Key>SOLREP</Key>
        <Key>GALMAP</Key>
      </Talents>
      <Directions>
        <Direction>
          <Right>true</Right>
        </Direction>
        <Direction>
          <Left>true</Left>
          <Right>true</Right>
          <Up>true</Up>
          <Down>true</Down>
        </Direction>
        <Direction>
          <Left>true</Left>
          <Right>true</Right>
          <Up>true</Up>
          <Down>true</Down>
        </Direction>
        <Direction>
          <Left>true</Left>
          <Up>true</Up>
          <Down>true</Down>
        </Direction>
      </Directions>
    </TalentRow>
    <TalentRow>
      <Cost>15</Cost>
      <Talents>
        <Key>FULLTH</Key>
        <Key>RAPREA</Key>
        <Key>EXHPORT</Key>
        <Key>GRIT</Key>
      </Talents>
      <Directions>
        <Direction>
          <Right>true</Right>
        </Direction>
        <Direction>
          <Left>true</Left>
          <Up>true</Up>
          <Down>true</Down>
        </Direction>
        <Direction>
          <Up>true</Up>
        </Direction>
        <Direction>
          <Up>true</Up>
          <Down>true</Down>
        </Direction>
      </Directions>
    </TalentRow>
    <TalentRow>
      <Cost>20</Cost>
      <Talents>
        <Key>INTUITSTRIKE</Key>
        <Key>TOUCH</Key>
        <Key>GRIT</Key>
        <Key>SKILLJOCK</Key>
      </Talents>
      <Directions>
        <Direction>
          <Right>true</Right>
          <Down>true</Down>
        </Direction>
        <Direction>
          <Left>true</Left>
          <Right>true</Right>
          <Up>true</Up>
          <Down>true</Down>
        </Direction>
        <Direction>
          <Left>true</Left>
          <Right>true</Right>
          <Down>true</Down>
        </Direction>
        <Direction>
          <Left>true</Left>
          <Up>true</Up>
          <Down>true</Down>
        </Direction>
      </Directions>
    </TalentRow>
    <TalentRow>
      <Cost>25</Cost>
      <Talents>
        <Key>FORCERAT</Key>
        <Key>TRICK</Key>
        <Key>DEDI</Key>
        <Key>INTUITEVA</Key>
      </Talents>
      <Directions>
        <Direction>
          <Up>true</Up>
        </Direction>
        <Direction>
          <Right>true</Right>
          <Up>true</Up>
        </Direction>
        <Direction>
          <Left>true</Left>
          <Right>true</Right>
          <Up>true</Up>
        </Direction>
        <Direction>
          <Left>true</Left>
          <Up>true</Up>
        </Direction>
      </Directions>
    </TalentRow>
  </TalentRows>
</Specialization>