<?xml version="1.0"?>
<SigAbility xmlns:xsi="http://www.w3.org/2001/XMLSchema-instance" xmlns:xsd="http://www.w3.org/2001/XMLSchema">
  <Key>ALWAYSGETMYMARK</Key>
  <Name>Always Get My Mark</Name>
  <Description>Once per game session, the character may choose a minion NPC to be her mark. She must know this NPC's idendity and basic personal information (or have another lead og comparable quality, per the GM's discretion), and must know that the NPC is on the same planet. She spends 2 Destiny Points, and makes a [B]Hard ([DI][DI][DI]) Streetwise check[b]. If she succeeds, teh character tracks down the chosen mark, and a new enounter begins as the character reaches the mark's location.
[P]The exact nature of this encounter, as well as the circumstances under which it takes place, must be approved by the GM (see [B]Narrative Abilities[b] on page 40). When making the skill check to activate Always Get My Mark, the GM can add [BO] or [SE] for any situational effects that might affect the difficulty of the check.</Description>
  <Source Page="39">No Disintegrations</Source>
  <Custom>DescOnly</Custom>
  <AbilityRows>
    <AbilityRow>
      <Abilities>
        <Key>ALWAYSGETMYMARKBASIC</Key>
        <Key>ALWAYSGETMYMARKBASIC</Key>
        <Key>ALWAYSGETMYMARKBASIC</Key>
        <Key>ALWAYSGETMYMARKBASIC</Key>
      </Abilities>
      <Directions>
        <Direction>
          <Down>true</Down>
        </Direction>
        <Direction />
        <Direction>
          <Down>true</Down>
        </Direction>
        <Direction />
      </Directions>
      <AbilitySpan>
        <Span>4</Span>
        <Span>0</Span>
        <Span>0</Span>
        <Span>0</Span>
        <Span>4</Span>
        <Span>0</Span>
        <Span>0</Span>
        <Span>0</Span>
        <Span>4</Span>
        <Span>0</Span>
        <Span>0</Span>
        <Span>0</Span>
        <Span>4</Span>
        <Span>0</Span>
        <Span>0</Span>
        <Span>0</Span>
      </AbilitySpan>
      <Costs>
        <Cost>30</Cost>
        <Cost>0</Cost>
        <Cost>0</Cost>
        <Cost>0</Cost>
        <Cost>30</Cost>
        <Cost>0</Cost>
        <Cost>0</Cost>
        <Cost>0</Cost>
        <Cost>30</Cost>
        <Cost>0</Cost>
        <Cost>0</Cost>
        <Cost>0</Cost>
        <Cost>30</Cost>
        <Cost>0</Cost>
        <Cost>0</Cost>
        <Cost>0</Cost>
      </Costs>
    </AbilityRow>
    <AbilityRow>
      <Abilities>
        <Key>ALWAYSGETMYMARKCHANGESKILL1</Key>
        <Key>ALWAYSGETMYMARKDESTINY</Key>
        <Key>ALWAYSGETMYMARKINCREASEEFFECT1</Key>
        <Key>ALWAYSGETMYMARKCHANGESKILL2</Key>
      </Abilities>
      <Directions>
        <Direction>
          <Up>true</Up>
          <Down>true</Down>
        </Direction>
        <Direction>
          <Right>true</Right>
        </Direction>
        <Direction>
          <Left>true</Left>
          <Right>true</Right>
          <Up>true</Up>
          <Down>true</Down>
        </Direction>
        <Direction>
          <Left>true</Left>
        </Direction>
      </Directions>
      <AbilitySpan>
        <Span>1</Span>
        <Span>1</Span>
        <Span>1</Span>
        <Span>1</Span>
      </AbilitySpan>
      <Costs>
        <Cost>10</Cost>
        <Cost>10</Cost>
        <Cost>10</Cost>
        <Cost>10</Cost>
      </Costs>
    </AbilityRow>
    <AbilityRow>
      <Abilities>
        <Key>ALWAYSGETMYMARKREDUCEDIFFICULTY</Key>
        <Key>ALWAYSGETMYMARKTAKEDOWN</Key>
        <Key>ALWAYSGETMYMARKINCREASERANGE</Key>
        <Key>ALWAYSGETMYMARKINCREASEEFFECT2</Key>
      </Abilities>
      <Directions>
        <Direction>
          <Right>true</Right>
          <Up>true</Up>
        </Direction>
        <Direction>
          <Left>true</Left>
        </Direction>
        <Direction>
          <Right>true</Right>
          <Up>true</Up>
        </Direction>
        <Direction>
          <Left>true</Left>
        </Direction>
      </Directions>
      <AbilitySpan>
        <Span>1</Span>
        <Span>1</Span>
        <Span>1</Span>
        <Span>1</Span>
      </AbilitySpan>
      <Costs>
        <Cost>15</Cost>
        <Cost>15</Cost>
        <Cost>15</Cost>
        <Cost>15</Cost>
      </Costs>
    </AbilityRow>
  </AbilityRows>
  <Careers>
    <Key>BOUNT</Key>
  </Careers>
  <MatchingNodes>
    <Node>false</Node>
    <Node>true</Node>
    <Node>true</Node>
    <Node>false</Node>
  </MatchingNodes>
</SigAbility>