<?xml version="1.0"?>
<SigAbility xmlns:xsi="http://www.w3.org/2001/XMLSchema-instance" xmlns:xsd="http://www.w3.org/2001/XMLSchema">
  <Key>THISONEISMINE</Key>
  <Name>This One is Mine</Name>
  <Description>Amidst the pandemonium of battles involving hundreds of starships and vehicles, pilots must ignore the chaos around them and focus on individual enemy targets to prioritize. Ace characters have become masters of this. When they focus on a target, all else seems to disappear around them as they stalk their prey. And in turn, as an Ace begins the attack, his target is forced to focus all its attention on staying alive. As the two combatants fight, they weave through the ongoing battle, ignored by all others as they duel for their lives.</Description>
  <Source Page="36">Stay on Target</Source>
  <Custom>DescOnly</Custom>
  <AbilityRows>
    <AbilityRow>
      <Abilities>
        <Key>THISONEISMINEBASE</Key>
        <Key>SUDDISCBASIC</Key>
        <Key>SUDDISCBASIC</Key>
        <Key>SUDDISCBASIC</Key>
      </Abilities>
      <Directions>
        <Direction>
          <Down>true</Down>
        </Direction>
        <Direction>
          <Down>true</Down>
        </Direction>
        <Direction />
        <Direction>
          <Down>true</Down>
        </Direction>
      </Directions>
      <AbilitySpan>
        <Span>4</Span>
        <Span>0</Span>
        <Span>0</Span>
        <Span>0</Span>
        <Span>4</Span>
        <Span>0</Span>
        <Span>0</Span>
        <Span>0</Span>
        <Span>4</Span>
        <Span>0</Span>
        <Span>0</Span>
        <Span>0</Span>
        <Span>4</Span>
        <Span>0</Span>
        <Span>0</Span>
        <Span>0</Span>
      </AbilitySpan>
      <Costs>
        <Cost>30</Cost>
        <Cost>0</Cost>
        <Cost>0</Cost>
        <Cost>0</Cost>
        <Cost>30</Cost>
        <Cost>0</Cost>
        <Cost>0</Cost>
        <Cost>0</Cost>
        <Cost>30</Cost>
        <Cost>0</Cost>
        <Cost>0</Cost>
        <Cost>0</Cost>
        <Cost>30</Cost>
        <Cost>0</Cost>
        <Cost>0</Cost>
        <Cost>0</Cost>
      </Costs>
    </AbilityRow>
    <AbilityRow>
      <Abilities>
        <Key>THISONEISMINESIL</Key>
        <Key>THISONEISMINEDUR</Key>
        <Key>THISONEISMINEDUR</Key>
        <Key>THISONEISMINEEVA</Key>
      </Abilities>
      <Directions>
        <Direction>
          <Up>true</Up>
          <Down>true</Down>
        </Direction>
        <Direction>
          <Right>true</Right>
          <Up>true</Up>
        </Direction>
        <Direction>
          <Left>true</Left>
          <Down>true</Down>
        </Direction>
        <Direction>
          <Up>true</Up>
          <Down>true</Down>
        </Direction>
      </Directions>
      <AbilitySpan>
        <Span>1</Span>
        <Span>1</Span>
        <Span>1</Span>
        <Span>1</Span>
      </AbilitySpan>
      <Costs>
        <Cost>10</Cost>
        <Cost>10</Cost>
        <Cost>10</Cost>
        <Cost>10</Cost>
      </Costs>
    </AbilityRow>
    <AbilityRow>
      <Abilities>
        <Key>THISONEISMINESIL</Key>
        <Key>THISONEISMINEFREQ</Key>
        <Key>THISONEISMINEDEST</Key>
        <Key>THISONEISMINEEVA</Key>
      </Abilities>
      <Directions>
        <Direction>
          <Right>true</Right>
          <Up>true</Up>
        </Direction>
        <Direction>
          <Left>true</Left>
          <Right>true</Right>
        </Direction>
        <Direction>
          <Left>true</Left>
          <Right>true</Right>
          <Up>true</Up>
        </Direction>
        <Direction>
          <Left>true</Left>
          <Up>true</Up>
        </Direction>
      </Directions>
      <AbilitySpan>
        <Span>1</Span>
        <Span>1</Span>
        <Span>1</Span>
        <Span>1</Span>
      </AbilitySpan>
      <Costs>
        <Cost>15</Cost>
        <Cost>15</Cost>
        <Cost>15</Cost>
        <Cost>15</Cost>
      </Costs>
    </AbilityRow>
  </AbilityRows>
  <Careers>
    <Key>THEACE</Key>
  </Careers>
  <MatchingNodes>
    <Node>true</Node>
    <Node>false</Node>
    <Node>false</Node>
    <Node>true</Node>
  </MatchingNodes>
</SigAbility>