<?xml version="1.0"?>
<ForcePower xmlns:xsi="http://www.w3.org/2001/XMLSchema-instance" xmlns:xsd="http://www.w3.org/2001/XMLSchema">
  <Key>CONJURE</Key>
  <Name>Conjure</Name>
  <Description>Enter description for Force Power "Conjure" here.
</Description>
  <Source>User Data</Source>
  <Custom>AddedItem</Custom>
  <AbilityRows>
    <AbilityRow>
      <Abilities>
        <Key>CONJUREBASIC</Key>
        <Key>CONJUREBASIC</Key>
        <Key>CONJUREBASIC</Key>
        <Key>CONJUREBASIC</Key>
      </Abilities>
      <Directions>
        <Direction>
          <Down>true</Down>
        </Direction>
        <Direction>
          <Down>true</Down>
        </Direction>
        <Direction />
        <Direction>
          <Down>true</Down>
        </Direction>
      </Directions>
      <AbilitySpan>
        <Span>4</Span>
        <Span>0</Span>
        <Span>0</Span>
        <Span>0</Span>
      </AbilitySpan>
      <Costs>
        <Cost>20</Cost>
        <Cost>0</Cost>
        <Cost>0</Cost>
        <Cost>0</Cost>
      </Costs>
    </AbilityRow>
    <AbilityRow>
      <Abilities>
        <Key>CONJUREDURATION</Key>
        <Key>CONJURENUMBER</Key>
        <Key>CONJUREMAGNITUDE</Key>
        <Key>CONJUREMAGNITUDE</Key>
      </Abilities>
      <Directions>
        <Direction>
          <Right>true</Right>
          <Up>true</Up>
          <Down>true</Down>
        </Direction>
        <Direction>
          <Left>true</Left>
          <Up>true</Up>
          <Down>true</Down>
        </Direction>
        <Direction>
          <Down>true</Down>
        </Direction>
        <Direction>
          <Up>true</Up>
          <Down>true</Down>
        </Direction>
      </Directions>
      <AbilitySpan>
        <Span>1</Span>
        <Span>1</Span>
        <Span>2</Span>
        <Span>0</Span>
      </AbilitySpan>
      <Costs>
        <Cost>15</Cost>
        <Cost>10</Cost>
        <Cost>10</Cost>
        <Cost>0</Cost>
      </Costs>
    </AbilityRow>
    <AbilityRow>
      <Abilities>
        <Key>CONJUREMAGNITUDE</Key>
        <Key>CONJUREMAGNITUDE</Key>
        <Key>CONJURECONTROL</Key>
        <Key>CONJUREDURATION</Key>
      </Abilities>
      <Directions>
        <Direction>
          <Up>true</Up>
          <Down>true</Down>
        </Direction>
        <Direction>
          <Up>true</Up>
          <Down>true</Down>
        </Direction>
        <Direction>
          <Right>true</Right>
          <Up>true</Up>
          <Down>true</Down>
        </Direction>
        <Direction>
          <Left>true</Left>
          <Up>true</Up>
        </Direction>
      </Directions>
      <AbilitySpan>
        <Span>2</Span>
        <Span>0</Span>
        <Span>1</Span>
        <Span>1</Span>
      </AbilitySpan>
      <Costs>
        <Cost>20</Cost>
        <Cost>0</Cost>
        <Cost>10</Cost>
        <Cost>15</Cost>
      </Costs>
    </AbilityRow>
    <AbilityRow>
      <Abilities>
        <Key>CONJURENUMBER</Key>
        <Key>CONJURECONTROLOFF</Key>
        <Key>CONJURERANGE</Key>
        <Key>CONJUREDURATION</Key>
      </Abilities>
      <Directions>
        <Direction>
          <Right>true</Right>
          <Up>true</Up>
          <Down>true</Down>
        </Direction>
        <Direction>
          <Left>true</Left>
          <Right>true</Right>
          <Up>true</Up>
        </Direction>
        <Direction>
          <Left>true</Left>
          <Right>true</Right>
          <Up>true</Up>
        </Direction>
        <Direction>
          <Left>true</Left>
        </Direction>
      </Directions>
      <AbilitySpan>
        <Span>1</Span>
        <Span>1</Span>
        <Span>1</Span>
        <Span>1</Span>
      </AbilitySpan>
      <Costs>
        <Cost>10</Cost>
        <Cost>15</Cost>
        <Cost>20</Cost>
        <Cost>15</Cost>
      </Costs>
    </AbilityRow>
    <AbilityRow>
      <Abilities>
        <Key>CONJUREMASTERY</Key>
        <Key>CONJUREMASTERY</Key>
        <Key>CONJUREMASTERY</Key>
        <Key>CONJUREMASTERY</Key>
      </Abilities>
      <Directions>
        <Direction>
          <Up>true</Up>
        </Direction>
        <Direction />
        <Direction />
        <Direction />
      </Directions>
      <AbilitySpan>
        <Span>4</Span>
        <Span>0</Span>
        <Span>0</Span>
        <Span>0</Span>
      </AbilitySpan>
      <Costs>
        <Cost>20</Cost>
        <Cost>0</Cost>
        <Cost>0</Cost>
        <Cost>0</Cost>
      </Costs>
    </AbilityRow>
  </AbilityRows>
</ForcePower>